Root,English,Verse,Count,Words,Example
فهم,understand/comprehend,25,1,فَهُمْ,صُمٌّ بُكْمٌ عُمْيٌ فَهُمْ لَا يَرْجِعُونَ
فهم,understand/comprehend,178,1,فَهُمْ,وَمَثَلُ الَّذِينَ كَفَرُوا كَمَثَلِ الَّذِي يَنْعِقُ بِمَا لَا يَسْمَعُ إِلَّا دُعَاءً وَنِدَاءً <s...
فهم,understand/comprehend,262,1,خَلْفَهُمْ,اللَّهُ لَا إِلَهَ إِلَّا هُوَ الْحَيُّ الْقَيُّومُ <sel> لَا تَأْخُذُهُ سِنَةٌ وَلَا نَوْمٌ <sel> ل...
فهم,understand/comprehend,280,1,تَعْرِفُهُم,لِلْفُقَرَاءِ الَّذِينَ أُحْصِرُوا فِي سَبِيلِ اللَّهِ لَا يَسْتَطِيعُونَ ضَرْباً فِي الْأَرْضِ يَحْ...
فهم,understand/comprehend,463,1,خَلْفِهِمْ,فَرِحِينَ بِمَا آتَاهُمُ اللَّهُ مِن فَضْلِهِ وَيَسْتَبْشِرُونَ بِالَّذِينَ لَمْ يَلْحَقُوا بِهِم مّ...
فهم,understand/comprehend,502,1,خَلْفِهِمْ,وَلْيَخْشَ الَّذِينَ لَوْ تَرَكُوا مِنْ خَلْفِهِمْ ذُرِّيَّةً ضِعَافاً خَافُوا عَلَيْهِمْ فَلْيَتَّق...
فهم,understand/comprehend,505,1,فَهُمْ,وَلَكُمْ نِصْفُ مَا تَرَكَ أَزْوَاجُكُمْ إِن لَّمْ يَكُن لَّهُنَّ وَلَدٌ <sel> فَإِن كَانَ لَهُنَّ و...
فهم,understand/comprehend,801,1,فَهُمْ,قُل لِّمَن مَّا فِي السَّمَاوَاتِ وَالْأَرْضِ <sel> قُل لِّلَّهِ <sel> كَتَبَ عَلَى نَفْسِهِ الرَّحْ...
فهم,understand/comprehend,809,1,فَهُمْ,الَّذِينَ آتَيْنَاهُمُ الْكِتَابَ يَعْرِفُونَهُ كَمَا يَعْرِفُونَ أَبْنَاءَهُمُ <sel> الَّذِينَ خَسِ...
فهم,understand/comprehend,928,2,"فَهُمْ, وَصْفَهُمْ",وَقَالُوا مَا فِي بُطُونِ هَذِهِ الْأَنْعَامِ خَالِصَةٌ لِّذُكُورِنَا وَمُحَرَّمٌ عَلَى أَزْوَاجِنَا...
فهم,understand/comprehend,971,1,خَلْفِهِمْ,ثُمَّ لَآتِيَنَّهُم مِّن بَيْنِ أَيْدِيهِمْ وَمِنْ خَلْفِهِمْ وَعَنْ أَيْمَانِهِمْ وَعَن شَمَائِلِهِ...
فهم,understand/comprehend,1054,1,فَهُمْ,أَوَلَمْ يَهْدِ لِلَّذِينَ يَرِثُونَ الْأَرْضَ مِن بَعْدِ أَهْلِهَا أَن لَّوْ نَشَاءُ أَصَبْنَاهُم ب...
فهم,understand/comprehend,1215,1,فَهُمْ,إِنَّ شَرَّ الدَّوَابِّ عِندَ اللَّهِ الَّذِينَ كَفَرُوا فَهُمْ لَا يُؤْمِنُونَ
فهم,understand/comprehend,1217,1,خَلْفَهُمْ,فَإِمَّا تَثْقَفَنَّهُمْ فِي الْحَرْبِ فَشَرِّدْ بِهِم مَّنْ خَلْفَهُمْ لَعَلَّهُمْ يَذَّكَّرُونَ
فهم,understand/comprehend,1280,1,فَهُمْ,إِنَّمَا يَسْتَأْذِنُكَ الَّذِينَ لَا يُؤْمِنُونَ بِاللَّهِ وَالْيَوْمِ الْآخِرِ وَارْتَابَتْ قُلُوب...
فهم,understand/comprehend,1322,1,فَهُمْ,رَضُوا بِأَن يَكُونُوا مَعَ الْخَوَالِفِ وَطُبِعَ عَلَى قُلُوبِهِمْ فَهُمْ لَا يَفْقَهُونَ
فهم,understand/comprehend,1328,1,فَهُمْ,إِنَّمَا السَّبِيلُ عَلَى الَّذِينَ يَسْتَأْذِنُونَكَ وَهُمْ أَغْنِيَاءُ <sel> رَضُوا بِأَن يَكُونُو...
فهم,understand/comprehend,1654,1,فَعَرَفَهُمْ,وَجَاءَ إِخْوَةُ يُوسُفَ فَدَخَلُوا عَلَيْهِ فَعَرَفَهُمْ وَهُمْ لَهُ مُنكِرُونَ
فهم,understand/comprehend,1793,1,طَرْفُهُمْ,مُهْطِعِينَ مُقْنِعِي رُءُوسِهِمْ لَا يَرْتَدُّ إِلَيْهِمْ طَرْفُهُمْ <sel> وَأَفْئِدَتُهُمْ هَوَاءٌ
فهم,understand/comprehend,1972,1,فَهُمْ,وَاللَّهُ فَضَّلَ بَعْضَكُمْ عَلَى بَعْضٍ فِي الرِّزْقِ <sel> فَمَا الَّذِينَ فُضِّلُوا بِرَادِّي رِ...
فهم,understand/comprehend,2089,1,وَنُخَوِّفُهُمْ,وَإِذْ قُلْنَا لَكَ إِنَّ رَبَّكَ أَحَاطَ بِالنَّاسِ <sel> وَمَا جَعَلْنَا الرُّؤْيَا الَّتِي أَرَيْ...
فهم,understand/comprehend,2157,1,كَهْفِهِمْ,وَتَرَى الشَّمْسَ إِذَا طَلَعَت تَّزَاوَرُ عَن كَهْفِهِمْ ذَاتَ الْيَمِينِ وَإِذَا غَرَبَت تَّقْرِضُ...
فهم,understand/comprehend,2165,1,كَهْفِهِمْ,وَلَبِثُوا فِي كَهْفِهِمْ ثَلَاثَ مِائَةٍ سِنِينَ وَازْدَادُوا تِسْعاً
فهم,understand/comprehend,2458,1,خَلْفَهُمْ,يَعْلَمُ مَا بَيْنَ أَيْدِيهِمْ وَمَا خَلْفَهُمْ وَلَا يُحِيطُونَ بِهِ عِلْماً
فهم,understand/comprehend,2489,1,أَفَهُمْ,مَا آمَنَتْ قَبْلَهُم مِّن قَرْيَةٍ أَهْلَكْنَاهَا <sel> أَفَهُمْ يُؤْمِنُونَ
فهم,understand/comprehend,2507,1,فَهُم,أَمِ اتَّخَذُوا مِن دُونِهِ آلِهَةً <sel> قُلْ هَاتُوا بُرْهَانَكُمْ <sel> هَذَا ذِكْرُ مَن مَّعِيَ ...
فهم,understand/comprehend,2511,1,خَلْفَهُمْ,يَعْلَمُ مَا بَيْنَ أَيْدِيهِمْ وَمَا خَلْفَهُمْ وَلَا يَشْفَعُونَ إِلَّا لِمَنِ ارْتَضَى وَهُم مِّن...
فهم,understand/comprehend,2517,1,فَهُمُ,وَمَا جَعَلْنَا لِبَشَرٍ مِّن قَبْلِكَ الْخُلْدَ <sel> أَفَإِن مِّتَّ فَهُمُ الْخَالِدُونَ
فهم,understand/comprehend,2527,1,أَفَهُمُ,بَلْ مَتَّعْنَا هَؤُلَاءِ وَآبَاءَهُمْ حَتَّى طَالَ عَلَيْهِمُ الْعُمُرُ <sel> أَفَلَا يَرَوْنَ أَنّ...
فهم,understand/comprehend,2562,1,فَفَهَّمْنَاهَا,فَفَهَّمْنَاهَا سُلَيْمَانَ <sel> وَكُلّاً آتَيْنَا حُكْماً وَعِلْماً <sel> وَسَخَّرْنَا مَعَ دَاوُو...
فهم,understand/comprehend,2671,1,خَلْفَهُمْ,يَعْلَمُ مَا بَيْنَ أَيْدِيهِمْ وَمَا خَلْفَهُمْ <sel> وَإِلَى اللَّهِ تُرْجَعُ الْأُمُورُ
فهم,understand/comprehend,2742,1,فَهُمْ,أَمْ لَمْ يَعْرِفُوا رَسُولَهُمْ فَهُمْ لَهُ مُنكِرُونَ
فهم,understand/comprehend,2744,1,فَهُمْ,وَلَوِ اتَّبَعَ الْحَقُّ أَهْوَاءَهُمْ لَفَسَدَتِ السَّمَاوَاتُ وَالْأَرْضُ وَمَن فِيهِنَّ <sel> بَل...
فهم,understand/comprehend,2846,1,خَوْفِهِمْ,وَعَدَ اللَّهُ الَّذِينَ آمَنُوا مِنكُمْ وَعَمِلُوا الصَّالِحَاتِ لَيَسْتَخْلِفَنَّهُمْ فِي الْأَرْض...
فهم,understand/comprehend,3163,1,فَهُمْ,إِنَّ الَّذِينَ لَا يُؤْمِنُونَ بِالْآخِرَةِ زَيَّنَّا لَهُمْ أَعْمَالَهُمْ فَهُمْ يَعْمَهُونَ
فهم,understand/comprehend,3176,1,فَهُمْ,وَحُشِرَ لِسُلَيْمَانَ جُنُودُهُ مِنَ الْجِنِّ وَالْإِنسِ وَالطَّيْرِ فَهُمْ يُوزَعُونَ
فهم,understand/comprehend,3183,1,فَهُمْ,وَجَدتُّهَا وَقَوْمَهَا يَسْجُدُونَ لِلشَّمْسِ مِن دُونِ اللَّهِ وَزَيَّنَ لَهُمُ الشَّيْطَانُ أَعْم...
فهم,understand/comprehend,3240,1,فَهُم,وَمَا أَنتَ بِهَادِي الْعُمْيِ عَن ضَلَالَتِهِمْ <sel> إِن تُسْمِعُ إِلَّا مَن يُؤْمِنُ بِآيَاتِنَا ...
فهم,understand/comprehend,3242,1,فَهُمْ,وَيَوْمَ نَحْشُرُ مِن كُلِّ أُمَّةٍ فَوْجاً مِّمَّن يُكَذِّبُ بِآيَاتِنَا فَهُمْ يُوزَعُونَ
فهم,understand/comprehend,3244,1,فَهُمْ,وَوَقَعَ الْقَوْلُ عَلَيْهِم بِمَا ظَلَمُوا فَهُمْ لَا يَنطِقُونَ
فهم,understand/comprehend,3318,1,فَهُمْ,فَعَمِيَتْ عَلَيْهِمُ الْأَنبَاءُ يَوْمَئِذٍ فَهُمْ لَا يَتَسَاءَلُونَ
فهم,understand/comprehend,3391,1,يَكْفِهِمْ,أَوَلَمْ يَكْفِهِمْ أَنَّا أَنزَلْنَا عَلَيْكَ الْكِتَابَ يُتْلَى عَلَيْهِمْ <sel> إِنَّ فِي ذَلِكَ ...
فهم,understand/comprehend,3424,1,فَهُمْ,فَأَمَّا الَّذِينَ آمَنُوا وَعَمِلُوا الصَّالِحَاتِ فَهُمْ فِي رَوْضَةٍ يُحْبَرُونَ
فهم,understand/comprehend,3462,1,فَهُم,وَمَا أَنتَ بِهَادِ الْعُمْيِ عَن ضَلَالَتِهِمْ <sel> إِن تُسْمِعُ إِلَّا مَن يُؤْمِنُ بِآيَاتِنَا ف...
فهم,understand/comprehend,3615,1,خَلْفَهُم,أَفَلَمْ يَرَوْا إِلَى مَا بَيْنَ أَيْدِيهِمْ وَمَا خَلْفَهُم مِّنَ السَّمَاءِ وَالْأَرْضِ <sel> إِن...
فهم,understand/comprehend,3700,1,فَهُمْ,قُلْ أَرَأَيْتُمْ شُرَكَاءَكُمُ الَّذِينَ تَدْعُونَ مِن دُونِ اللَّهِ أَرُونِي مَاذَا خَلَقُوا مِنَ ...
فهم,understand/comprehend,3711,1,فَهُمْ,لِتُنذِرَ قَوْماً مَّا أُنذِرَ آبَاؤُهُمْ فَهُمْ غَافِلُونَ
فهم,understand/comprehend,3712,1,فَهُمْ,لَقَدْ حَقَّ الْقَوْلُ عَلَى أَكْثَرِهِمْ فَهُمْ لَا يُؤْمِنُونَ
فهم,understand/comprehend,3713,1,فَهُم,إِنَّا جَعَلْنَا فِي أَعْنَاقِهِمْ أَغْلَالاً فَهِيَ إِلَى الْأَذْقَانِ فَهُم مُّقْمَحُونَ
فهم,understand/comprehend,3714,2,"خَلْفِهِمْ, فَهُمْ",وَجَعَلْنَا مِن بَيْنِ أَيْدِيهِمْ سَدّاً وَمِنْ خَلْفِهِمْ سَدّاً فَأَغْشَيْنَاهُمْ فَهُمْ لَا يُبْ...
فهم,understand/comprehend,3776,1,فَهُمْ,أَوَلَمْ يَرَوْا أَنَّا خَلَقْنَا لَهُم مِّمَّا عَمِلَتْ أَيْدِينَا أَنْعَاماً فَهُمْ لَهَا مَالِكُو...
فهم,understand/comprehend,3858,1,فَهُمْ,فَهُمْ عَلَى آثَارِهِمْ يُهْرَعُونَ
فهم,understand/comprehend,4222,1,فَهُمْ,بَشِيراً وَنَذِيراً فَأَعْرَضَ أَكْثَرُهُمْ فَهُمْ لَا يَسْمَعُونَ
فهم,understand/comprehend,4232,1,خَلْفِهِمْ,إِذْ جَاءَتْهُمُ الرُّسُلُ مِن بَيْنِ أَيْدِيهِمْ وَمِنْ خَلْفِهِمْ أَلَّا تَعْبُدُوا إِلَّا اللَّهَ...
فهم,understand/comprehend,4237,1,فَهُمْ,وَيَوْمَ يُحْشَرُ أَعْدَاءُ اللَّهِ إِلَى النَّارِ فَهُمْ يُوزَعُونَ
فهم,understand/comprehend,4243,1,خَلْفَهُمْ,وَقَيَّضْنَا لَهُمْ قُرَنَاءَ فَزَيَّنُوا لَهُم مَّا بَيْنَ أَيْدِيهِمْ وَمَا خَلْفَهُمْ وَحَقَّ عَل...
فهم,understand/comprehend,4346,1,فَهُم,أَمْ آتَيْنَاهُمْ كِتَاباً مِّن قَبْلِهِ فَهُم بِهِ مُسْتَمْسِكُونَ
فهم,understand/comprehend,4635,1,فَهُمْ,بَلْ كَذَّبُوا بِالْحَقِّ لَمَّا جَاءَهُمْ فَهُمْ فِي أَمْرٍ مَّرِيجٍ
فهم,understand/comprehend,4775,1,فَهُم,أَمْ تَسْأَلُهُمْ أَجْراً فَهُم مِّن مَّغْرَمٍ مُّثْقَلُونَ
فهم,understand/comprehend,4776,1,فَهُمْ,أَمْ عِندَهُمُ الْغَيْبُ فَهُمْ يَكْتُبُونَ
فهم,understand/comprehend,5191,1,فَهُمْ,ذَلِكَ بِأَنَّهُمْ آمَنُوا ثُمَّ كَفَرُوا فَطُبِعَ عَلَى قُلُوبِهِمْ فَهُمْ لَا يَفْقَهُونَ
فهم,understand/comprehend,5317,1,فَهُم,أَمْ تَسْأَلُهُمْ أَجْراً فَهُم مِّن مَّغْرَمٍ مُّثْقَلُونَ
فهم,understand/comprehend,5318,1,فَهُمْ,أَمْ عِندَهُمُ الْغَيْبُ فَهُمْ يَكْتُبُونَ
فهم,understand/comprehend,6195,1,إِيلَافِهِمْ,إِيلَافِهِمْ رِحْلَةَ الشِّتَاءِ وَالصَّيْفِ
علم,know/knowledge,20,1,يَعْلَمُونَ,وَإِذَا قِيلَ لَهُمْ آمِنُوا كَمَا آمَنَ النَّاسُ قَالُوا أَنُؤْمِنُ كَمَا آمَنَ السُّفَهَاءُ <sel> ...
علم,know/knowledge,29,1,تَعْلَمُونَ,الَّذِي جَعَلَ لَكُمُ الْأَرْضَ فِرَاشاً وَالسَّمَاءَ بِنَاءً وَأَنزَلَ مِنَ السَّمَاءِ مَاءً فَأَخْ...
علم,know/knowledge,33,1,فَيَعْلَمُونَ,إِنَّ اللَّهَ لَا يَسْتَحْيِي أَن يَضْرِبَ مَثَلاً مَّا بَعُوضَةً فَمَا فَوْقَهَا <sel> فَأَمَّا الّ...
علم,know/knowledge,37,2,"أَعْلَمُ, تَعْلَمُونَ",وَإِذْ قَالَ رَبُّكَ لِلْمَلَائِكَةِ إِنِّي جَاعِلٌ فِي الْأَرْضِ خَلِيفَةً <sel> قَالُوا أَتَجْعَلُ...
علم,know/knowledge,38,1,وَعَلَّمَ,وَعَلَّمَ آدَمَ الْأَسْمَاءَ كُلَّهَا ثُمَّ عَرَضَهُمْ عَلَى الْمَلَائِكَةِ فَقَالَ أَنبِئُونِي بِأَ...
علم,know/knowledge,39,2,"عِلْمَ, عَلَّمْتَنَا",قَالُوا سُبْحَانَكَ لَا عِلْمَ لَنَا إِلَّا مَا عَلَّمْتَنَا <sel> إِنَّكَ أَنتَ الْعَلِيمُ الْحَكِي...
علم,know/knowledge,40,2,"أَعْلَمُ, وَأَعْلَمُ",قَالَ يَا آدَمُ أَنبِئْهُم بِأَسْمَائِهِمْ <sel> فَلَمَّا أَنبَأَهُم بِأَسْمَائِهِمْ قَالَ أَلَمْ أَ...
علم,know/knowledge,49,1,تَعْلَمُونَ,وَلَا تَلْبِسُوا الْحَقَّ بِالْبَاطِلِ وَتَكْتُمُوا الْحَقَّ وَأَنتُمْ تَعْلَمُونَ
علم,know/knowledge,67,1,عَلِمَ,وَإِذِ اسْتَسْقَى مُوسَى لِقَوْمِهِ فَقُلْنَا اضْرِب بِّعَصَاكَ الْحَجَرَ <sel> فَانفَجَرَتْ مِنْهُ ...
علم,know/knowledge,72,1,عَلِمْتُمُ,وَلَقَدْ عَلِمْتُمُ الَّذِينَ اعْتَدَوْا مِنكُمْ فِي السَّبْتِ فَقُلْنَا لَهُمْ كُونُوا قِرَدَةً خَا...
علم,know/knowledge,82,1,يَعْلَمُونَ,أَفَتَطْمَعُونَ أَن يُؤْمِنُوا لَكُمْ وَقَدْ كَانَ فَرِيقٌ مِّنْهُمْ يَسْمَعُونَ كَلَامَ اللَّهِ ثُم...
علم,know/knowledge,84,2,"يَعْلَمُونَ, يَعْلَمُ",أَوَلَا يَعْلَمُونَ أَنَّ اللَّهَ يَعْلَمُ مَا يُسِرُّونَ وَمَا يُعْلِنُونَ
علم,know/knowledge,85,1,يَعْلَمُونَ,وَمِنْهُمْ أُمِّيُّونَ لَا يَعْلَمُونَ الْكِتَابَ إِلَّا أَمَانِيَّ وَإِنْ هُمْ إِلَّا يَظُنُّونَ
علم,know/knowledge,87,1,تَعْلَمُونَ,وَقَالُوا لَن تَمَسَّنَا النَّارُ إِلَّا أَيَّاماً مَّعْدُودَةً <sel> قُلْ أَتَّخَذْتُمْ عِندَ اللَّ...
علم,know/knowledge,108,1,يَعْلَمُونَ,وَلَمَّا جَاءَهُمْ رَسُولٌ مِّنْ عِندِ اللَّهِ مُصَدِّقٌ لِّمَا مَعَهُمْ نَبَذَ فَرِيقٌ مِّنَ الَّذِ...
علم,know/knowledge,109,6,"يُعَلِّمُونَ, يُعَلِّمَانِ, فَيَتَعَلَّمُونَ, وَيَتَعَلَّمُونَ, عَلِمُوا, يَعْلَمُونَ",وَاتَّبَعُوا مَا تَتْلُو الشَّيَاطِينُ عَلَى مُلْكِ سُلَيْمَانَ <sel> وَمَا كَفَرَ سُلَيْمَانُ وَلَك...
علم,know/knowledge,110,1,يَعْلَمُونَ,وَلَوْ أَنَّهُمْ آمَنُوا وَاتَّقَوْا لَمَثُوبَةٌ مِّنْ عِندِ اللَّهِ خَيْرٌ <sel> لَّوْ كَانُوا يَعْ...
علم,know/knowledge,113,1,تَعْلَمْ,مَا نَنسَخْ مِنْ آيَةٍ أَوْ نُنسِهَا نَأْتِ بِخَيْرٍ مِّنْهَا أَوْ مِثْلِهَا <sel> أَلَمْ تَعْلَمْ أ...
علم,know/knowledge,114,1,تَعْلَمْ,أَلَمْ تَعْلَمْ أَنَّ اللَّهَ لَهُ مُلْكُ السَّمَاوَاتِ وَالْأَرْضِ <sel> وَمَا لَكُم مِّن دُونِ الل...
علم,know/knowledge,120,1,يَعْلَمُونَ,وَقَالَتِ الْيَهُودُ لَيْسَتِ النَّصَارَى عَلَى شَيْءٍ وَقَالَتِ النَّصَارَى لَيْسَتِ الْيَهُودُ عَل...
علم,know/knowledge,125,1,يَعْلَمُونَ,وَقَالَ الَّذِينَ لَا يَعْلَمُونَ لَوْلَا يُكَلِّمُنَا اللَّهُ أَوْ تَأْتِينَا آيَةٌ <sel> كَذَلِكَ ...
علم,know/knowledge,127,1,الْعِلْمِ,وَلَن تَرْضَى عَنكَ الْيَهُودُ وَلَا النَّصَارَى حَتَّى تَتَّبِعَ مِلَّتَهُمْ <sel> قُلْ إِنَّ هُدَى...
علم,know/knowledge,136,1,وَيُعَلِّمُهُمُ,رَبَّنَا وَابْعَثْ فِيهِمْ رَسُولاً مِّنْهُمْ يَتْلُو عَلَيْهِمْ آيَاتِكَ وَيُعَلِّمُهُمُ الْكِتَابَ...
علم,know/knowledge,147,1,أَعْلَمُ,أَمْ تَقُولُونَ إِنَّ إِبْرَاهِيمَ وَإِسْمَاعِيلَ وَإِسْحَاقَ وَيَعْقُوبَ وَالْأَسْبَاطَ كَانُوا هُو...
علم,know/knowledge,150,1,لِنَعْلَمَ,وَكَذَلِكَ جَعَلْنَاكُمْ أُمَّةً وَسَطاً لِّتَكُونُوا شُهَدَاءَ عَلَى النَّاسِ وَيَكُونَ الرَّسُولُ ...
علم,know/knowledge,151,1,لَيَعْلَمُونَ,قَدْ نَرَى تَقَلُّبَ وَجْهِكَ فِي السَّمَاءِ <sel> فَلَنُوَلِّيَنَّكَ قِبْلَةً تَرْضَاهَا <sel> فَوَ...
علم,know/knowledge,152,1,الْعِلْمِ,وَلَئِنْ أَتَيْتَ الَّذِينَ أُوتُوا الْكِتَابَ بِكُلِّ آيَةٍ مَّا تَبِعُوا قِبْلَتَكَ <sel> وَمَا أَ...
علم,know/knowledge,153,1,يَعْلَمُونَ,الَّذِينَ آتَيْنَاهُمُ الْكِتَابَ يَعْرِفُونَهُ كَمَا يَعْرِفُونَ أَبْنَاءَهُمْ <sel> وَإِنَّ فَرِيق...
علم,know/knowledge,158,3,"وَيُعَلِّمُكُمُ, وَيُعَلِّمُكُم, تَعْلَمُونَ",كَمَا أَرْسَلْنَا فِيكُمْ رَسُولاً مِّنكُمْ يَتْلُو عَلَيْكُمْ آيَاتِنَا وَيُزَكِّيكُمْ وَيُعَلِّمُك...
علم,know/knowledge,176,1,تَعْلَمُونَ,إِنَّمَا يَأْمُرُكُم بِالسُّوءِ وَالْفَحْشَاءِ وَأَن تَقُولُوا عَلَى اللَّهِ مَا لَا تَعْلَمُونَ
علم,know/knowledge,191,1,تَعْلَمُونَ,أَيَّاماً مَّعْدُودَاتٍ <sel> فَمَن كَانَ مِنكُم مَّرِيضاً أَوْ عَلَى سَفَرٍ فَعِدَّةٌ مِّنْ أَيَّام...
علم,know/knowledge,194,1,عَلِمَ,أُحِلَّ لَكُمْ لَيْلَةَ الصِّيَامِ الرَّفَثُ إِلَى نِسَائِكُمْ <sel> هُنَّ لِبَاسٌ لَّكُمْ وَأَنتُمْ...
علم,know/knowledge,195,1,تَعْلَمُونَ,وَلَا تَأْكُلُوا أَمْوَالَكُم بَيْنَكُم بِالْبَاطِلِ وَتُدْلُوا بِهَا إِلَى الْحُكَّامِ لِتَأْكُلُوا...
علم,know/knowledge,201,1,وَاعْلَمُوا,الشَّهْرُ الْحَرَامُ بِالشَّهْرِ الْحَرَامِ وَالْحُرُمَاتُ قِصَاصٌ <sel> فَمَنِ اعْتَدَى عَلَيْكُمْ ...
علم,know/knowledge,203,1,وَاعْلَمُوا,وَأَتِمُّوا الْحَجَّ وَالْعُمْرَةَ لِلَّهِ <sel> فَإِنْ أُحْصِرْتُمْ فَمَا اسْتَيْسَرَ مِنَ الْهَدْي...
علم,know/knowledge,204,1,يَعْلَمْهُ,الْحَجُّ أَشْهُرٌ مَّعْلُومَاتٌ <sel> فَمَن فَرَضَ فِيهِنَّ الْحَجَّ فَلَا رَفَثَ وَلَا فُسُوقَ وَلَ...
علم,know/knowledge,210,1,وَاعْلَمُوا,وَاذْكُرُوا اللَّهَ فِي أَيَّامٍ مَّعْدُودَاتٍ <sel> فَمَن تَعَجَّلَ فِي يَوْمَيْنِ فَلَا إِثْمَ عَل...
علم,know/knowledge,216,1,فَاعْلَمُوا,فَإِن زَلَلْتُم مِّن بَعْدِ مَا جَاءَتْكُمُ الْبَيِّنَاتُ فَاعْلَمُوا أَنَّ اللَّهَ عَزِيزٌ حَكِيمٌ
علم,know/knowledge,223,2,"يَعْلَمُ, تَعْلَمُونَ",كُتِبَ عَلَيْكُمُ الْقِتَالُ وَهُوَ كُرْهٌ لَّكُمْ <sel> وَعَسَى أَن تَكْرَهُوا شَيْئاً وَهُوَ خَيْر...
علم,know/knowledge,227,1,يَعْلَمُ,فِي الدُّنْيَا وَالْآخِرَةِ <sel> وَيَسْأَلُونَكَ عَنِ الْيَتَامَى <sel> قُلْ إِصْلَاحٌ لَّهُمْ خَيْ...
علم,know/knowledge,230,1,وَاعْلَمُوا,نِسَاؤُكُمْ حَرْثٌ لَّكُمْ فَأْتُوا حَرْثَكُمْ أَنَّى شِئْتُمْ <sel> وَقَدِّمُوا لِأَنفُسِكُمْ <sel>...
علم,know/knowledge,237,1,يَعْلَمُونَ,فَإِن طَلَّقَهَا فَلَا تَحِلُّ لَهُ مِن بَعْدُ حَتَّى تَنكِحَ زَوْجاً غَيْرَهُ <sel> فَإِن طَلَّقَهَ...
علم,know/knowledge,238,1,وَاعْلَمُوا,وَإِذَا طَلَّقْتُمُ النِّسَاءَ فَبَلَغْنَ أَجَلَهُنَّ فَأَمْسِكُوهُنَّ بِمَعْرُوفٍ أَوْ سَرِّحُوهُنّ...
علم,know/knowledge,239,2,"يَعْلَمُ, تَعْلَمُونَ",وَإِذَا طَلَّقْتُمُ النِّسَاءَ فَبَلَغْنَ أَجَلَهُنَّ فَلَا تَعْضُلُوهُنَّ أَن يَنكِحْنَ أَزْوَاجَهُ...
علم,know/knowledge,240,1,وَاعْلَمُوا,وَالْوَالِدَاتُ يُرْضِعْنَ أَوْلَادَهُنَّ حَوْلَيْنِ كَامِلَيْنِ <sel> لِمَنْ أَرَادَ أَن يُتِمَّ ال...
علم,know/knowledge,242,4,"عَلِمَ, وَاعْلَمُوا, يَعْلَمُ, وَاعْلَمُوا",وَلَا جُنَاحَ عَلَيْكُمْ فِيمَا عَرَّضْتُم بِهِ مِنْ خِطْبَةِ النِّسَاءِ أَوْ أَكْنَنتُمْ فِي أَنفُس...
علم,know/knowledge,246,2,"عَلَّمَكُم, تَعْلَمُونَ",فَإِنْ خِفْتُمْ فَرِجَالاً أَوْ رُكْبَاناً <sel> فَإِذَا أَمِنتُمْ فَاذْكُرُوا اللَّهَ كَمَا عَلَّمَ...
علم,know/knowledge,251,1,وَاعْلَمُوا,وَقَاتِلُوا فِي سَبِيلِ اللَّهِ وَاعْلَمُوا أَنَّ اللَّهَ سَمِيعٌ عَلِيمٌ
علم,know/knowledge,254,1,الْعِلْمِ,وَقَالَ لَهُمْ نَبِيُّهُمْ إِنَّ اللَّهَ قَدْ بَعَثَ لَكُمْ طَالُوتَ مَلِكاً <sel> قَالُوا أَنَّى يَ...
علم,know/knowledge,258,1,وَعَلَّمَهُ,فَهَزَمُوهُم بِإِذْنِ اللَّهِ وَقَتَلَ دَاوُودُ جَالُوتَ وَآتَاهُ اللَّهُ الْمُلْكَ وَالْحِكْمَةَ وَ...
علم,know/knowledge,262,2,"يَعْلَمُ, عِلْمِهِ",اللَّهُ لَا إِلَهَ إِلَّا هُوَ الْحَيُّ الْقَيُّومُ <sel> لَا تَأْخُذُهُ سِنَةٌ وَلَا نَوْمٌ <sel> ل...
علم,know/knowledge,266,1,أَعْلَمُ,أَوْ كَالَّذِي مَرَّ عَلَى قَرْيَةٍ وَهِيَ خَاوِيَةٌ عَلَى عُرُوشِهَا قَالَ أَنَّى يُحْيِي هَذِهِ ال...
علم,know/knowledge,267,1,وَاعْلَمْ,وَإِذْ قَالَ إِبْرَاهِيمُ رَبِّ أَرِنِي كَيْفَ تُحْيِي الْمَوْتَى <sel> قَالَ أَوَلَمْ تُؤْمِن <sel>...
علم,know/knowledge,274,1,وَاعْلَمُوا,يَا أَيُّهَا الَّذِينَ آمَنُوا أَنفِقُوا مِن طَيِّبَاتِ مَا كَسَبْتُمْ وَمِمَّا أَخْرَجْنَا لَكُم مّ...
علم,know/knowledge,277,1,يَعْلَمُهُ,وَمَا أَنفَقْتُم مِّن نَّفَقَةٍ أَوْ نَذَرْتُم مِّن نَّذْرٍ فَإِنَّ اللَّهَ يَعْلَمُهُ <sel> وَمَا ل...
علم,know/knowledge,287,1,تَعْلَمُونَ,وَإِن كَانَ ذُو عُسْرَةٍ فَنَظِرَةٌ إِلَى مَيْسَرَةٍ <sel> وَأَن تَصَدَّقُوا خَيْرٌ لَّكُمْ <sel> إِ...
علم,know/knowledge,289,2,"عَلَّمَهُ, وَيُعَلِّمُكُمُ",يَا أَيُّهَا الَّذِينَ آمَنُوا إِذَا تَدَايَنتُم بِدَيْنٍ إِلَى أَجَلٍ مُّسَمًّى فَاكْتُبُوهُ <sel> ...
علم,know/knowledge,300,2,"يَعْلَمُ, الْعِلْمِ",هُوَ الَّذِي أَنزَلَ عَلَيْكَ الْكِتَابَ مِنْهُ آيَاتٌ مُّحْكَمَاتٌ هُنَّ أُمُّ الْكِتَابِ وَأُخَرُ ...
علم,know/knowledge,311,1,الْعِلْمِ,شَهِدَ اللَّهُ أَنَّهُ لَا إِلَهَ إِلَّا هُوَ وَالْمَلَائِكَةُ وَأُولُو الْعِلْمِ قَائِماً بِالْقِسْ...
علم,know/knowledge,312,1,الْعِلْمُ,إِنَّ الدِّينَ عِندَ اللَّهِ الْإِسْلَامُ <sel> وَمَا اخْتَلَفَ الَّذِينَ أُوتُوا الْكِتَابَ إِلَّا ...
علم,know/knowledge,322,2,"يَعْلَمْهُ, وَيَعْلَمُ",قُلْ إِن تُخْفُوا مَا فِي صُدُورِكُمْ أَوْ تُبْدُوهُ يَعْلَمْهُ اللَّهُ <sel> وَيَعْلَمُ مَا فِي الس...
علم,know/knowledge,329,1,أَعْلَمُ,فَلَمَّا وَضَعَتْهَا قَالَتْ رَبِّ إِنِّي وَضَعْتُهَا أُنثَى وَاللَّهُ أَعْلَمُ بِمَا وَضَعَتْ وَلَي...
علم,know/knowledge,341,1,وَيُعَلِّمُهُ,وَيُعَلِّمُهُ الْكِتَابَ وَالْحِكْمَةَ وَالتَّوْرَاةَ وَالْإِنجِيلَ
علم,know/knowledge,354,1,الْعِلْمِ,فَمَنْ حَاجَّكَ فِيهِ مِن بَعْدِ مَا جَاءَكَ مِنَ الْعِلْمِ فَقُلْ تَعَالَوْا نَدْعُ أَبْنَاءَنَا وَ...
علم,know/knowledge,359,4,"عِلْمٌ, عِلْمٌ, يَعْلَمُ, تَعْلَمُونَ",هَا أَنتُمْ هَؤُلَاءِ حَاجَجْتُمْ فِيمَا لَكُم بِهِ عِلْمٌ فَلِمَ تُحَاجُّونَ فِيمَا لَيْسَ لَكُم بِ...
علم,know/knowledge,364,1,تَعْلَمُونَ,يَا أَهْلَ الْكِتَابِ لِمَ تَلْبِسُونَ الْحَقَّ بِالْبَاطِلِ وَتَكْتُمُونَ الْحَقَّ وَأَنتُمْ تَعْلَ...
علم,know/knowledge,368,1,يَعْلَمُونَ,وَمِنْ أَهْلِ الْكِتَابِ مَنْ إِن تَأْمَنْهُ بِقِنطَارٍ يُؤَدِّهِ إِلَيْكَ وَمِنْهُم مَّنْ إِن تَأْم...
علم,know/knowledge,371,1,يَعْلَمُونَ,وَإِنَّ مِنْهُمْ لَفَرِيقاً يَلْوُونَ أَلْسِنَتَهُم بِالْكِتَابِ لِتَحْسَبُوهُ مِنَ الْكِتَابِ وَمَا...
علم,know/knowledge,372,1,تُعَلِّمُونَ,مَا كَانَ لِبَشَرٍ أَن يُؤْتِيَهُ اللَّهُ الْكِتَابَ وَالْحُكْمَ وَالنُّبُوَّةَ ثُمَّ يَقُولَ لِلنَّ...
علم,know/knowledge,428,1,يَعْلَمُونَ,وَالَّذِينَ إِذَا فَعَلُوا فَاحِشَةً أَوْ ظَلَمُوا أَنفُسَهُمْ ذَكَرُوا اللَّهَ فَاسْتَغْفَرُوا لِذُ...
علم,know/knowledge,433,1,وَلِيَعْلَمَ,إِن يَمْسَسْكُمْ قَرْحٌ فَقَدْ مَسَّ الْقَوْمَ قَرْحٌ مِّثْلُهُ <sel> وَتِلْكَ الْأَيَّامُ نُدَاوِلُ...
علم,know/knowledge,435,2,"يَعْلَمِ, وَيَعْلَمَ",أَمْ حَسِبْتُمْ أَن تَدْخُلُوا الْجَنَّةَ وَلَمَّا يَعْلَمِ اللَّهُ الَّذِينَ جَاهَدُوا مِنكُمْ وَيَ...
علم,know/knowledge,457,1,وَيُعَلِّمُهُمُ,لَقَدْ مَنَّ اللَّهُ عَلَى الْمُؤْمِنِينَ إِذْ بَعَثَ فِيهِمْ رَسُولاً مِّنْ أَنفُسِهِمْ يَتْلُو عَل...
علم,know/knowledge,459,1,وَلِيَعْلَمَ,وَمَا أَصَابَكُمْ يَوْمَ الْتَقَى الْجَمْعَانِ فَبِإِذْنِ اللَّهِ وَلِيَعْلَمَ الْمُؤْمِنِينَ
علم,know/knowledge,460,3,"وَلِيَعْلَمَ, نَعْلَمُ, أَعْلَمُ",وَلِيَعْلَمَ الَّذِينَ نَافَقُوا <sel> وَقِيلَ لَهُمْ تَعَالَوْا قَاتِلُوا فِي سَبِيلِ اللَّهِ أَوِ ...
علم,know/knowledge,518,1,أَعْلَمُ,وَمَن لَّمْ يَسْتَطِعْ مِنكُمْ طَوْلاً أَن يَنكِحَ الْمُحْصَنَاتِ الْمُؤْمِنَاتِ فَمِن مَّا مَلَكَتْ...
علم,know/knowledge,536,1,تَعْلَمُوا,يَا أَيُّهَا الَّذِينَ آمَنُوا لَا تَقْرَبُوا الصَّلَاةَ وَأَنتُمْ سُكَارَى حَتَّى تَعْلَمُوا مَا تَ...
علم,know/knowledge,538,1,أَعْلَمُ,وَاللَّهُ أَعْلَمُ بِأَعْدَائِكُمْ <sel> وَكَفَى بِاللَّهِ وَلِيّاً وَكَفَى بِاللَّهِ نَصِيراً
علم,know/knowledge,556,1,يَعْلَمُ,أُولَئِكَ الَّذِينَ يَعْلَمُ اللَّهُ مَا فِي قُلُوبِهِمْ فَأَعْرِضْ عَنْهُمْ وَعِظْهُمْ وَقُل لَّهُم...
علم,know/knowledge,576,1,لَعَلِمَهُ,وَإِذَا جَاءَهُمْ أَمْرٌ مِّنَ الْأَمْنِ أَوِ الْخَوْفِ أَذَاعُوا بِهِ <sel> وَلَوْ رَدُّوهُ إِلَى ا...
علم,know/knowledge,606,2,"وَعَلَّمَكَ, تَعْلَمُ",وَلَوْلَا فَضْلُ اللَّهِ عَلَيْكَ وَرَحْمَتُهُ لَهَمَّت طَّائِفَةٌ مِّنْهُمْ أَن يُضِلُّوكَ وَمَا يُ...
علم,know/knowledge,650,1,عِلْمٍ,وَقَوْلِهِمْ إِنَّا قَتَلْنَا الْمَسِيحَ عِيسَى ابْنَ مَرْيَمَ رَسُولَ اللَّهِ وَمَا قَتَلُوهُ وَمَا...
علم,know/knowledge,655,1,الْعِلْمِ,لَّكِنِ الرَّاسِخُونَ فِي الْعِلْمِ مِنْهُمْ وَالْمُؤْمِنُونَ يُؤْمِنُونَ بِمَا أُنزِلَ إِلَيْكَ وَم...
علم,know/knowledge,659,1,بِعِلْمِهِ,لَّكِنِ اللَّهُ يَشْهَدُ بِمَا أَنزَلَ إِلَيْكَ <sel> أَنزَلَهُ بِعِلْمِهِ <sel> وَالْمَلَائِكَةُ يَ...
علم,know/knowledge,673,3,"عَلَّمْتُم, تُعَلِّمُونَهُنَّ, عَلَّمَكُمُ",يَسْأَلُونَكَ مَاذَا أُحِلَّ لَهُمْ <sel> قُلْ أُحِلَّ لَكُمُ الطَّيِّبَاتُ وَمَا عَلَّمْتُم مِّنَ ا...
علم,know/knowledge,703,1,فَاعْلَمُوا,إِلَّا الَّذِينَ تَابُوا مِن قَبْلِ أَن تَقْدِرُوا عَلَيْهِمْ <sel> فَاعْلَمُوا أَنَّ اللَّهَ غَفُور...
علم,know/knowledge,709,1,تَعْلَمْ,أَلَمْ تَعْلَمْ أَنَّ اللَّهَ لَهُ مُلْكُ السَّمَاوَاتِ وَالْأَرْضِ يُعَذِّبُ مَن يَشَاءُ وَيَغْفِرُ...
علم,know/knowledge,718,1,فَاعْلَمْ,وَأَنِ احْكُم بَيْنَهُم بِمَا أَنزَلَ اللَّهُ وَلَا تَتَّبِعْ أَهْوَاءَهُمْ وَاحْذَرْهُمْ أَن يَفْتِ...
علم,know/knowledge,730,1,أَعْلَمُ,وَإِذَا جَاءُوكُمْ قَالُوا آمَنَّا وَقَد دَّخَلُوا بِالْكُفْرِ وَهُمْ قَدْ خَرَجُوا بِهِ <sel> وَالل...
علم,know/knowledge,761,1,فَاعْلَمُوا,وَأَطِيعُوا اللَّهَ وَأَطِيعُوا الرَّسُولَ وَاحْذَرُوا <sel> فَإِن تَوَلَّيْتُمْ فَاعْلَمُوا أَنَّمَ...
علم,know/knowledge,763,1,لِيَعْلَمَ,يَا أَيُّهَا الَّذِينَ آمَنُوا لَيَبْلُوَنَّكُمُ اللَّهُ بِشَيْءٍ مِّنَ الصَّيْدِ تَنَالُهُ أَيْدِيك...
علم,know/knowledge,766,2,"لِتَعْلَمُوا, يَعْلَمُ",جَعَلَ اللَّهُ الْكَعْبَةَ الْبَيْتَ الْحَرَامَ قِيَاماً لِّلنَّاسِ وَالشَّهْرَ الْحَرَامَ وَالْهَدْ...
علم,know/knowledge,767,1,اعْلَمُوا,اعْلَمُوا أَنَّ اللَّهَ شَدِيدُ الْعِقَابِ وَأَنَّ اللَّهَ غَفُورٌ رَّحِيمٌ
علم,know/knowledge,768,1,يَعْلَمُ,مَّا عَلَى الرَّسُولِ إِلَّا الْبَلَاغُ <sel> وَاللَّهُ يَعْلَمُ مَا تُبْدُونَ وَمَا تَكْتُمُونَ
علم,know/knowledge,773,1,يَعْلَمُونَ,وَإِذَا قِيلَ لَهُمْ تَعَالَوْا إِلَى مَا أَنزَلَ اللَّهُ وَإِلَى الرَّسُولِ قَالُوا حَسْبُنَا مَا و...
علم,know/knowledge,778,1,عِلْمَ,يَوْمَ يَجْمَعُ اللَّهُ الرُّسُلَ فَيَقُولُ مَاذَا أُجِبْتُمْ <sel> قَالُوا لَا عِلْمَ لَنَا <sel> إ...
علم,know/knowledge,779,1,عَلَّمْتُكَ,إِذْ قَالَ اللَّهُ يَا عِيسَى ابْنَ مَرْيَمَ اذْكُرْ نِعْمَتِي عَلَيْكَ وَعَلَى وَالِدَتِكَ إِذْ أَي...
علم,know/knowledge,782,1,وَنَعْلَمَ,قَالُوا نُرِيدُ أَن نَّأْكُلَ مِنْهَا وَتَطْمَئِنَّ قُلُوبُنَا وَنَعْلَمَ أَن قَدْ صَدَقْتَنَا وَنَك...
علم,know/knowledge,785,3,"عَلِمْتَهُ, تَعْلَمُ, أَعْلَمُ",وَإِذْ قَالَ اللَّهُ يَا عِيسَى ابْنَ مَرْيَمَ أَأَنتَ قُلْتَ لِلنَّاسِ اتَّخِذُونِي وَأُمِّيَ إِلَه...
علم,know/knowledge,792,2,"يَعْلَمُ, وَيَعْلَمُ",وَهُوَ اللَّهُ فِي السَّمَاوَاتِ وَفِي الْأَرْضِ <sel> يَعْلَمُ سِرَّكُمْ وَجَهْرَكُمْ وَيَعْلَمُ مَ...
علم,know/knowledge,822,1,نَعْلَمُ,قَدْ نَعْلَمُ إِنَّهُ لَيَحْزُنُكَ الَّذِي يَقُولُونَ <sel> فَإِنَّهُمْ لَا يُكَذِّبُونَكَ وَلَكِنَّ...
علم,know/knowledge,826,1,يَعْلَمُونَ,وَقَالُوا لَوْلَا نُزِّلَ عَلَيْهِ آيَةٌ مِّن رَّبِّهِ <sel> قُلْ إِنَّ اللَّهَ قَادِرٌ عَلَى أَن يُ...
علم,know/knowledge,839,1,أَعْلَمُ,قُل لَّا أَقُولُ لَكُمْ عِندِي خَزَائِنُ اللَّهِ وَلَا أَعْلَمُ الْغَيْبَ وَلَا أَقُولُ لَكُمْ إِنِّ...
علم,know/knowledge,842,1,بِأَعْلَمَ,وَكَذَلِكَ فَتَنَّا بَعْضَهُم بِبَعْضٍ لِّيَقُولُوا أَهَؤُلَاءِ مَنَّ اللَّهُ عَلَيْهِم مِّن بَيْنِن...
علم,know/knowledge,847,1,أَعْلَمُ,قُل لَّوْ أَنَّ عِندِي مَا تَسْتَعْجِلُونَ بِهِ لَقُضِيَ الْأَمْرُ بَيْنِي وَبَيْنَكُمْ <sel> وَاللّ...
علم,know/knowledge,848,3,"يَعْلَمُهَا, وَيَعْلَمُ, يَعْلَمُهَا",وَعِندَهُ مَفَاتِحُ الْغَيْبِ لَا يَعْلَمُهَا إِلَّا هُوَ <sel> وَيَعْلَمُ مَا فِي الْبَرِّ وَالْبَح...
علم,know/knowledge,849,1,وَيَعْلَمُ,وَهُوَ الَّذِي يَتَوَفَّاكُم بِاللَّيْلِ وَيَعْلَمُ مَا جَرَحْتُم بِالنَّهَارِ ثُمَّ يَبْعَثُكُمْ فِ...
علم,know/knowledge,856,1,تَعْلَمُونَ,لِّكُلِّ نَبَإٍ مُّسْتَقَرٌّ <sel> وَسَوْفَ تَعْلَمُونَ
علم,know/knowledge,869,1,عِلْماً,وَحَاجَّهُ قَوْمُهُ <sel> قَالَ أَتُحَاجُّونِّي فِي اللَّهِ وَقَدْ هَدَانِ <sel> وَلَا أَخَافُ مَا ت...
علم,know/knowledge,870,1,تَعْلَمُونَ,وَكَيْفَ أَخَافُ مَا أَشْرَكْتُمْ وَلَا تَخَافُونَ أَنَّكُمْ أَشْرَكْتُم بِاللَّهِ مَا لَمْ يُنَزِّل...
علم,know/knowledge,880,2,"وَعُلِّمْتُم, تَعْلَمُوا",وَمَا قَدَرُوا اللَّهَ حَقَّ قَدْرِهِ إِذْ قَالُوا مَا أَنزَلَ اللَّهُ عَلَى بَشَرٍ مِّن شَيْءٍ <sel...
علم,know/knowledge,886,1,يَعْلَمُونَ,وَهُوَ الَّذِي جَعَلَ لَكُمُ النُّجُومَ لِتَهْتَدُوا بِهَا فِي ظُلُمَاتِ الْبَرِّ وَالْبَحْرِ <sel> ...
علم,know/knowledge,889,1,عِلْمٍ,وَجَعَلُوا لِلَّهِ شُرَكَاءَ الْجِنَّ وَخَلَقَهُمْ <sel> وَخَرَقُوا لَهُ بَنِينَ وَبَنَاتٍ بِغَيْرِ ...
علم,know/knowledge,894,1,يَعْلَمُونَ,وَكَذَلِكَ نُصَرِّفُ الْآيَاتِ وَلِيَقُولُوا دَرَسْتَ وَلِنُبَيِّنَهُ لِقَوْمٍ يَعْلَمُونَ
علم,know/knowledge,897,1,عِلْمٍ,وَلَا تَسُبُّوا الَّذِينَ يَدْعُونَ مِن دُونِ اللَّهِ فَيَسُبُّوا اللَّهَ عَدْواً بِغَيْرِ عِلْمٍ <s...
علم,know/knowledge,903,1,يَعْلَمُونَ,أَفَغَيْرَ اللَّهِ أَبْتَغِي حَكَماً وَهُوَ الَّذِي أَنزَلَ إِلَيْكُمُ الْكِتَابَ مُفَصَّلاً <sel> و...
علم,know/knowledge,906,2,"أَعْلَمُ, أَعْلَمُ",إِنَّ رَبَّكَ هُوَ أَعْلَمُ مَن يَضِلُّ عَن سَبِيلِهِ <sel> وَهُوَ أَعْلَمُ بِالْمُهْتَدِينَ
علم,know/knowledge,908,2,"عِلْمٍ, أَعْلَمُ",وَمَا لَكُمْ أَلَّا تَأْكُلُوا مِمَّا ذُكِرَ اسْمُ اللَّهِ عَلَيْهِ وَقَدْ فَصَّلَ لَكُم مَّا حَرَّم...
علم,know/knowledge,913,1,أَعْلَمُ,وَإِذَا جَاءَتْهُمْ آيَةٌ قَالُوا لَن نُّؤْمِنَ حَتَّى نُؤْتَى مِثْلَ مَا أُوتِيَ رُسُلُ اللَّهِ <se...
علم,know/knowledge,924,1,تَعْلَمُونَ,قُلْ يَا قَوْمِ اعْمَلُوا عَلَى مَكَانَتِكُمْ إِنِّي عَامِلٌ <sel> فَسَوْفَ تَعْلَمُونَ مَن تَكُونُ ...
علم,know/knowledge,929,1,عِلْمٍ,قَدْ خَسِرَ الَّذِينَ قَتَلُوا أَوْلَادَهُمْ سَفَهاً بِغَيْرِ عِلْمٍ وَحَرَّمُوا مَا رَزَقَهُمُ اللّ...
علم,know/knowledge,932,1,بِعِلْمٍ,ثَمَانِيَةَ أَزْوَاجٍ <sel> مِّنَ الضَّأْنِ اثْنَيْنِ وَمِنَ الْمَعْزِ اثْنَيْنِ <sel> قُلْ آلذَّكَر...
علم,know/knowledge,933,1,عِلْمٍ,وَمِنَ الْإِبِلِ اثْنَيْنِ وَمِنَ الْبَقَرِ اثْنَيْنِ <sel> قُلْ آلذَّكَرَيْنِ حَرَّمَ أَمِ الْأُنثَ...
علم,know/knowledge,937,1,عِلْمٍ,سَيَقُولُ الَّذِينَ أَشْرَكُوا لَوْ شَاءَ اللَّهُ مَا أَشْرَكْنَا وَلَا آبَاؤُنَا وَلَا حَرَّمْنَا م...
علم,know/knowledge,961,1,بِعِلْمٍ,فَلَنَقُصَّنَّ عَلَيْهِم بِعِلْمٍ <sel> وَمَا كُنَّا غَائِبِينَ
علم,know/knowledge,982,1,تَعْلَمُونَ,وَإِذَا فَعَلُوا فَاحِشَةً قَالُوا وَجَدْنَا عَلَيْهَا آبَاءَنَا وَاللَّهُ أَمَرَنَا بِهَا <sel> قُل...
علم,know/knowledge,986,1,يَعْلَمُونَ,قُلْ مَنْ حَرَّمَ زِينَةَ اللَّهِ الَّتِي أَخْرَجَ لِعِبَادِهِ وَالطَّيِّبَاتِ مِنَ الرِّزْقِ <sel> ...
علم,know/knowledge,987,1,تَعْلَمُونَ,قُلْ إِنَّمَا حَرَّمَ رَبِّيَ الْفَوَاحِشَ مَا ظَهَرَ مِنْهَا وَمَا بَطَنَ وَالْإِثْمَ وَالْبَغْيَ ب...
علم,know/knowledge,992,1,تَعْلَمُونَ,قَالَ ادْخُلُوا فِي أُمَمٍ قَدْ خَلَتْ مِن قَبْلِكُم مِّنَ الْجِنِّ وَالْإِنسِ فِي النَّارِ <sel> كُ...
علم,know/knowledge,1006,1,عِلْمٍ,وَلَقَدْ جِئْنَاهُم بِكِتَابٍ فَصَّلْنَاهُ عَلَى عِلْمٍ هُدًى وَرَحْمَةً لِّقَوْمٍ يُؤْمِنُونَ
علم,know/knowledge,1016,2,"وَأَعْلَمُ, تَعْلَمُونَ",أُبَلِّغُكُمْ رِسَالَاتِ رَبِّي وَأَنصَحُ لَكُمْ وَأَعْلَمُ مِنَ اللَّهِ مَا لَا تَعْلَمُونَ
علم,know/knowledge,1029,1,أَتَعْلَمُونَ,قَالَ الْمَلَأُ الَّذِينَ اسْتَكْبَرُوا مِن قَوْمِهِ لِلَّذِينَ اسْتُضْعِفُوا لِمَنْ آمَنَ مِنْهُمْ ...
علم,know/knowledge,1043,1,عِلْماً,قَدِ افْتَرَيْنَا عَلَى اللَّهِ كَذِباً إِنْ عُدْنَا فِي مِلَّتِكُم بَعْدَ إِذْ نَجَّانَا اللَّهُ مِ...
علم,know/knowledge,1077,1,تَعْلَمُونَ,قَالَ فِرْعَوْنُ آمَنتُم بِهِ قَبْلَ أَنْ آذَنَ لَكُمْ <sel> إِنَّ هَذَا لَمَكْرٌ مَّكَرْتُمُوهُ فِي...
علم,know/knowledge,1085,1,يَعْلَمُونَ,فَإِذَا جَاءَتْهُمُ الْحَسَنَةُ قَالُوا لَنَا هَذِهِ <sel> وَإِن تُصِبْهُمْ سَيِّئَةٌ يَطَّيَّرُوا ب...
علم,know/knowledge,1114,1,عَلِمَ,وَقَطَّعْنَاهُمُ اثْنَتَيْ عَشْرَةَ أَسْبَاطاً أُمَماً <sel> وَأَوْحَيْنَا إِلَى مُوسَى إِذِ اسْتَسْ...
علم,know/knowledge,1136,1,يَعْلَمُونَ,وَالَّذِينَ كَذَّبُوا بِآيَاتِنَا سَنَسْتَدْرِجُهُم مِّنْ حَيْثُ لَا يَعْلَمُونَ
علم,know/knowledge,1141,3,"عِلْمُهَا, عِلْمُهَا, يَعْلَمُونَ",يَسْأَلُونَكَ عَنِ السَّاعَةِ أَيَّانَ مُرْسَاهَا <sel> قُلْ إِنَّمَا عِلْمُهَا عِندَ رَبِّي <sel> ل...
علم,know/knowledge,1142,1,أَعْلَمُ,قُل لَّا أَمْلِكُ لِنَفْسِي نَفْعاً وَلَا ضَرّاً إِلَّا مَا شَاءَ اللَّهُ <sel> وَلَوْ كُنتُ أَعْلَم...
علم,know/knowledge,1183,1,عَلِمَ,وَلَوْ عَلِمَ اللَّهُ فِيهِمْ خَيْراً لَّأَسْمَعَهُمْ <sel> وَلَوْ أَسْمَعَهُمْ لَتَوَلَّوا وَّهُم م...
علم,know/knowledge,1184,1,وَاعْلَمُوا,يَا أَيُّهَا الَّذِينَ آمَنُوا اسْتَجِيبُوا لِلَّهِ وَلِلرَّسُولِ إِذَا دَعَاكُمْ لِمَا يُحْيِيكُمْ ...
علم,know/knowledge,1185,1,وَاعْلَمُوا,وَاتَّقُوا فِتْنَةً لَّا تُصِيبَنَّ الَّذِينَ ظَلَمُوا مِنكُمْ خَاصَّةً <sel> وَاعْلَمُوا أَنَّ اللّ...
علم,know/knowledge,1187,1,تَعْلَمُونَ,يَا أَيُّهَا الَّذِينَ آمَنُوا لَا تَخُونُوا اللَّهَ وَالرَّسُولَ وَتَخُونُوا أَمَانَاتِكُمْ وَأَنتُ...
علم,know/knowledge,1188,1,وَاعْلَمُوا,وَاعْلَمُوا أَنَّمَا أَمْوَالُكُمْ وَأَوْلَادُكُمْ فِتْنَةٌ وَأَنَّ اللَّهَ عِندَهُ أَجْرٌ عَظِيمٌ
علم,know/knowledge,1194,1,يَعْلَمُونَ,وَمَا لَهُمْ أَلَّا يُعَذِّبَهُمُ اللَّهُ وَهُمْ يَصُدُّونَ عَنِ الْمَسْجِدِ الْحَرَامِ وَمَا كَانُو...
علم,know/knowledge,1200,1,فَاعْلَمُوا,وَإِن تَوَلَّوْا فَاعْلَمُوا أَنَّ اللَّهَ مَوْلَاكُمْ <sel> نِعْمَ الْمَوْلَى وَنِعْمَ النَّصِيرُ
علم,know/knowledge,1201,1,وَاعْلَمُوا,وَاعْلَمُوا أَنَّمَا غَنِمْتُم مِّن شَيْءٍ فَأَنَّ لِلَّهِ خُمُسَهُ وَلِلرَّسُولِ وَلِذِي الْقُرْبَى...
علم,know/knowledge,1220,2,"تَعْلَمُونَهُمُ, يَعْلَمُهُمْ",وَأَعِدُّوا لَهُم مَّا اسْتَطَعْتُم مِّن قُوَّةٍ وَمِن رِّبَاطِ الْخَيْلِ تُرْهِبُونَ بِهِ عَدُوَّ ا...
علم,know/knowledge,1226,1,وَعَلِمَ,الْآنَ خَفَّفَ اللَّهُ عَنكُمْ وَعَلِمَ أَنَّ فِيكُمْ ضَعْفاً <sel> فَإِن يَكُن مِّنكُم مِّائَةٌ صَا...
علم,know/knowledge,1230,1,يَعْلَمِ,يَا أَيُّهَا النَّبِيُّ قُل لِّمَن فِي أَيْدِيكُم مِّنَ الْأَسْرَى إِن يَعْلَمِ اللَّهُ فِي قُلُوبِك...
علم,know/knowledge,1237,1,وَاعْلَمُوا,فَسِيحُوا فِي الْأَرْضِ أَرْبَعَةَ أَشْهُرٍ وَاعْلَمُوا أَنَّكُمْ غَيْرُ مُعْجِزِي اللَّهِ وَأَنَّ ا...
علم,know/knowledge,1238,1,فَاعْلَمُوا,وَأَذَانٌ مِّنَ اللَّهِ وَرَسُولِهِ إِلَى النَّاسِ يَوْمَ الْحَجِّ الْأَكْبَرِ أَنَّ اللَّهَ بَرِيءٌ...
علم,know/knowledge,1241,1,يَعْلَمُونَ,وَإِنْ أَحَدٌ مِّنَ الْمُشْرِكِينَ اسْتَجَارَكَ فَأَجِرْهُ حَتَّى يَسْمَعَ كَلَامَ اللَّهِ ثُمَّ أَب...
علم,know/knowledge,1246,1,يَعْلَمُونَ,فَإِن تَابُوا وَأَقَامُوا الصَّلَاةَ وَآتَوُا الزَّكَاةَ فَإِخْوَانُكُمْ فِي الدِّينِ <sel> وَنُفَصّ...
علم,know/knowledge,1251,1,يَعْلَمِ,أَمْ حَسِبْتُمْ أَن تُتْرَكُوا وَلَمَّا يَعْلَمِ اللَّهُ الَّذِينَ جَاهَدُوا مِنكُمْ وَلَمْ يَتَّخِذ...
علم,know/knowledge,1271,1,وَاعْلَمُوا,إِنَّ عِدَّةَ الشُّهُورِ عِندَ اللَّهِ اثْنَا عَشَرَ شَهْراً فِي كِتَابِ اللَّهِ يَوْمَ خَلَقَ السَّ...
علم,know/knowledge,1276,1,تَعْلَمُونَ,انفِرُوا خِفَافاً وَثِقَالاً وَجَاهِدُوا بِأَمْوَالِكُمْ وَأَنفُسِكُمْ فِي سَبِيلِ اللَّهِ <sel> ذَل...
علم,know/knowledge,1277,1,يَعْلَمُ,لَوْ كَانَ عَرَضاً قَرِيباً وَسَفَراً قَاصِداً لَّاتَّبَعُوكَ وَلَكِن بَعُدَتْ عَلَيْهِمُ الشُّقَّةُ...
علم,know/knowledge,1278,1,وَتَعْلَمَ,عَفَا اللَّهُ عَنكَ لِمَ أَذِنتَ لَهُمْ حَتَّى يَتَبَيَّنَ لَكَ الَّذِينَ صَدَقُوا وَتَعْلَمَ الْكَا...
علم,know/knowledge,1298,1,يَعْلَمُوا,أَلَمْ يَعْلَمُوا أَنَّهُ مَن يُحَادِدِ اللَّهَ وَرَسُولَهُ فَأَنَّ لَهُ نَارَ جَهَنَّمَ خَالِداً فِ...
علم,know/knowledge,1313,2,"يَعْلَمُوا, يَعْلَمُ",أَلَمْ يَعْلَمُوا أَنَّ اللَّهَ يَعْلَمُ سِرَّهُمْ وَنَجْوَاهُمْ وَأَنَّ اللَّهَ عَلَّامُ الْغُيُوبِ
علم,know/knowledge,1328,1,يَعْلَمُونَ,إِنَّمَا السَّبِيلُ عَلَى الَّذِينَ يَسْتَأْذِنُونَكَ وَهُمْ أَغْنِيَاءُ <sel> رَضُوا بِأَن يَكُونُو...
علم,know/knowledge,1332,1,يَعْلَمُوا,الْأَعْرَابُ أَشَدُّ كُفْراً وَنِفَاقاً وَأَجْدَرُ أَلَّا يَعْلَمُوا حُدُودَ مَا أَنزَلَ اللَّهُ عَل...
علم,know/knowledge,1336,2,"تَعْلَمُهُمْ, نَعْلَمُهُمْ",وَمِمَّنْ حَوْلَكُم مِّنَ الْأَعْرَابِ مُنَافِقُونَ <sel> وَمِنْ أَهْلِ الْمَدِينَةِ <sel> مَرَدُوا ...
علم,know/knowledge,1339,1,يَعْلَمُوا,أَلَمْ يَعْلَمُوا أَنَّ اللَّهَ هُوَ يَقْبَلُ التَّوْبَةَ عَنْ عِبَادِهِ وَيَأْخُذُ الصَّدَقَاتِ وَأ...
علم,know/knowledge,1358,1,وَاعْلَمُوا,يَا أَيُّهَا الَّذِينَ آمَنُوا قَاتِلُوا الَّذِينَ يَلُونَكُم مِّنَ الْكُفَّارِ وَلْيَجِدُوا فِيكُمْ...
علم,know/knowledge,1369,2,"لِتَعْلَمُوا, يَعْلَمُونَ",هُوَ الَّذِي جَعَلَ الشَّمْسَ ضِيَاءً وَالْقَمَرَ نُوراً وَقَدَّرَهُ مَنَازِلَ لِتَعْلَمُوا عَدَدَ ا...
علم,know/knowledge,1382,1,يَعْلَمُ,وَيَعْبُدُونَ مِن دُونِ اللَّهِ مَا لَا يَضُرُّهُمْ وَلَا يَنفَعُهُمْ وَيَقُولُونَ هَؤُلَاءِ شُفَعَا...
علم,know/knowledge,1403,1,بِعِلْمِهِ,بَلْ كَذَّبُوا بِمَا لَمْ يُحِيطُوا بِعِلْمِهِ وَلَمَّا يَأْتِهِمْ تَأْوِيلُهُ <sel> كَذَلِكَ كَذَّب...
علم,know/knowledge,1404,1,أَعْلَمُ,وَمِنْهُم مَّن يُؤْمِنُ بِهِ وَمِنْهُم مَّن لَّا يُؤْمِنُ بِهِ <sel> وَرَبُّكَ أَعْلَمُ بِالْمُفْسِد...
علم,know/knowledge,1419,1,يَعْلَمُونَ,أَلَا إِنَّ لِلَّهِ مَا فِي السَّمَاوَاتِ وَالْأَرْضِ <sel> أَلَا إِنَّ وَعْدَ اللَّهِ حَقٌّ وَلَكِن...
علم,know/knowledge,1432,1,تَعْلَمُونَ,قَالُوا اتَّخَذَ اللَّهُ وَلَداً <sel> سُبْحَانَهُ <sel> هُوَ الْغَنِيُّ <sel> لَهُ مَا فِي السَّمَا...
علم,know/knowledge,1453,1,يَعْلَمُونَ,قَالَ قَدْ أُجِيبَت دَّعْوَتُكُمَا فَاسْتَقِيمَا وَلَا تَتَّبِعَانِّ سَبِيلَ الَّذِينَ لَا يَعْلَمُو...
علم,know/knowledge,1457,1,الْعِلْمُ,وَلَقَدْ بَوَّأْنَا بَنِي إِسْرَائِيلَ مُبَوَّأَ صِدْقٍ وَرَزَقْنَاهُم مِّنَ الطَّيِّبَاتِ فَمَا اخْ...
علم,know/knowledge,1478,1,يَعْلَمُ,أَلَا إِنَّهُمْ يَثْنُونَ صُدُورَهُمْ لِيَسْتَخْفُوا مِنْهُ <sel> أَلَا حِينَ يَسْتَغْشُونَ ثِيَابَه...
علم,know/knowledge,1479,1,وَيَعْلَمُ,وَمَا مِن دَابَّةٍ فِي الْأَرْضِ إِلَّا عَلَى اللَّهِ رِزْقُهَا وَيَعْلَمُ مُسْتَقَرَّهَا وَمُسْتَوْ...
علم,know/knowledge,1487,2,"فَاعْلَمُوا, بِعِلْمِ",فَإِلَّمْ يَسْتَجِيبُوا لَكُمْ فَاعْلَمُوا أَنَّمَا أُنزِلَ بِعِلْمِ اللَّهِ وَأَن لَّا إِلَهَ إِلَّ...
علم,know/knowledge,1504,2,"أَعْلَمُ, أَعْلَمُ",وَلَا أَقُولُ لَكُمْ عِندِي خَزَائِنُ اللَّهِ وَلَا أَعْلَمُ الْغَيْبَ وَلَا أَقُولُ إِنِّي مَلَكٌ و...
علم,know/knowledge,1512,1,تَعْلَمُونَ,فَسَوْفَ تَعْلَمُونَ مَن يَأْتِيهِ عَذَابٌ يُخْزِيهِ وَيَحِلُّ عَلَيْهِ عَذَابٌ مُّقِيمٌ
علم,know/knowledge,1519,1,عِلْمٌ,قَالَ يَا نُوحُ إِنَّهُ لَيْسَ مِنْ أَهْلِكَ <sel> إِنَّهُ عَمَلٌ غَيْرُ صَالِحٍ <sel> فَلَا تَسْأَل...
علم,know/knowledge,1520,1,عِلْمٌ,قَالَ رَبِّ إِنِّي أَعُوذُ بِكَ أَنْ أَسْأَلَكَ مَا لَيْسَ لِي بِهِ عِلْمٌ <sel> وَإِلَّا تَغْفِرْ ل...
علم,know/knowledge,1522,1,تَعْلَمُهَا,تِلْكَ مِنْ أَنبَاءِ الْغَيْبِ نُوحِيهَا إِلَيْكَ <sel> مَا كُنتَ تَعْلَمُهَا أَنتَ وَلَا قَوْمُكَ م...
علم,know/knowledge,1552,2,"عَلِمْتَ, لَتَعْلَمُ",قَالُوا لَقَدْ عَلِمْتَ مَا لَنَا فِي بَنَاتِكَ مِنْ حَقٍّ وَإِنَّكَ لَتَعْلَمُ مَا نُرِيدُ
علم,know/knowledge,1566,1,تَعْلَمُونَ,وَيَا قَوْمِ اعْمَلُوا عَلَى مَكَانَتِكُمْ إِنِّي عَامِلٌ <sel> سَوْفَ تَعْلَمُونَ مَن يَأْتِيهِ عَذ...
علم,know/knowledge,1602,1,وَيُعَلِّمُكَ,وَكَذَلِكَ يَجْتَبِيكَ رَبُّكَ وَيُعَلِّمُكَ مِن تَأْوِيلِ الْأَحَادِيثِ وَيُتِمُّ نِعْمَتَهُ عَلَيْ...
علم,know/knowledge,1617,2,"وَلِنُعَلِّمَهُ, يَعْلَمُونَ",وَقَالَ الَّذِي اشْتَرَاهُ مِن مِّصْرَ لِامْرَأَتِهِ أَكْرِمِي مَثْوَاهُ عَسَى أَن يَنفَعَنَا أَوْ ن...
علم,know/knowledge,1618,1,وَعِلْماً,وَلَمَّا بَلَغَ أَشُدَّهُ آتَيْنَاهُ حُكْماً وَعِلْماً <sel> وَكَذَلِكَ نَجْزِي الْمُحْسِنِينَ
علم,know/knowledge,1633,1,عَلَّمَنِي,قَالَ لَا يَأْتِيكُمَا طَعَامٌ تُرْزَقَانِهِ إِلَّا نَبَّأْتُكُمَا بِتَأْوِيلِهِ قَبْلَ أَن يَأْتِيَ...
علم,know/knowledge,1636,1,يَعْلَمُونَ,مَا تَعْبُدُونَ مِن دُونِهِ إِلَّا أَسْمَاءً سَمَّيْتُمُوهَا أَنتُمْ وَآبَاؤُكُم مَّا أَنزَلَ اللَّه...
علم,know/knowledge,1642,1,يَعْلَمُونَ,يُوسُفُ أَيُّهَا الصِّدِّيقُ أَفْتِنَا فِي سَبْعِ بَقَرَاتٍ سِمَانٍ يَأْكُلُهُنَّ سَبْعٌ عِجَافٌ وَس...
علم,know/knowledge,1647,1,عَلِمْنَا,قَالَ مَا خَطْبُكُنَّ إِذْ رَاوَدتُّنَّ يُوسُفَ عَن نَّفْسِهِ <sel> قُلْنَ حَاشَ لِلَّهِ مَا عَلِمْن...
علم,know/knowledge,1648,1,لِيَعْلَمَ,ذَلِكَ لِيَعْلَمَ أَنِّي لَمْ أَخُنْهُ بِالْغَيْبِ وَأَنَّ اللَّهَ لَا يَهْدِي كَيْدَ الْخَائِنِينَ
علم,know/knowledge,1664,3,"عِلْمٍ, عَلَّمْنَاهُ, يَعْلَمُونَ",وَلَمَّا دَخَلُوا مِنْ حَيْثُ أَمَرَهُمْ أَبُوهُم مَّا كَانَ يُغْنِي عَنْهُم مِّنَ اللَّهِ مِن شَيْء...
علم,know/knowledge,1669,1,عَلِمْتُم,قَالُوا تَاللَّهِ لَقَدْ عَلِمْتُم مَّا جِئْنَا لِنُفْسِدَ فِي الْأَرْضِ وَمَا كُنَّا سَارِقِينَ
علم,know/knowledge,1672,1,عِلْمٍ,فَبَدَأَ بِأَوْعِيَتِهِمْ قَبْلَ وِعَاءِ أَخِيهِ ثُمَّ اسْتَخْرَجَهَا مِن وِعَاءِ أَخِيهِ <sel> كَذَ...
علم,know/knowledge,1673,1,أَعْلَمُ,قَالُوا إِن يَسْرِقْ فَقَدْ سَرَقَ أَخٌ لَّهُ مِن قَبْلُ <sel> فَأَسَرَّهَا يُوسُفُ فِي نَفْسِهِ وَل...
علم,know/knowledge,1676,1,تَعْلَمُوا,فَلَمَّا اسْتَيْأَسُوا مِنْهُ خَلَصُوا نَجِيّاً <sel> قَالَ كَبِيرُهُمْ أَلَمْ تَعْلَمُوا أَنَّ أَبَ...
علم,know/knowledge,1677,1,عَلِمْنَا,ارْجِعُوا إِلَى أَبِيكُمْ فَقُولُوا يَا أَبَانَا إِنَّ ابْنَكَ سَرَقَ وَمَا شَهِدْنَا إِلَّا بِمَا ع...
علم,know/knowledge,1682,2,"وَأَعْلَمُ, تَعْلَمُونَ",قَالَ إِنَّمَا أَشْكُو بَثِّي وَحُزْنِي إِلَى اللَّهِ وَأَعْلَمُ مِنَ اللَّهِ مَا لَا تَعْلَمُونَ
علم,know/knowledge,1685,1,عَلِمْتُم,قَالَ هَلْ عَلِمْتُم مَّا فَعَلْتُم بِيُوسُفَ وَأَخِيهِ إِذْ أَنتُمْ جَاهِلُونَ
علم,know/knowledge,1692,2,"أَعْلَمُ, تَعْلَمُونَ",فَلَمَّا أَن جَاءَ الْبَشِيرُ أَلْقَاهُ عَلَى وَجْهِهِ فَارْتَدَّ بَصِيراً <sel> قَالَ أَلَمْ أَقُل ...
علم,know/knowledge,1697,1,وَعَلَّمْتَنِي,رَبِّ قَدْ آتَيْتَنِي مِنَ الْمُلْكِ وَعَلَّمْتَنِي مِن تَأْوِيلِ الْأَحَادِيثِ <sel> فَاطِرَ السَّم...
علم,know/knowledge,1715,1,يَعْلَمُ,اللَّهُ يَعْلَمُ مَا تَحْمِلُ كُلُّ أُنثَى وَمَا تَغِيضُ الْأَرْحَامُ وَمَا تَزْدَادُ <sel> وَكُلُّ ...
علم,know/knowledge,1726,1,يَعْلَمُ,أَفَمَن يَعْلَمُ أَنَّمَا أُنزِلَ إِلَيْكَ مِن رَّبِّكَ الْحَقُّ كَمَنْ هُوَ أَعْمَى <sel> إِنَّمَا ...
علم,know/knowledge,1740,1,يَعْلَمُ,أَفَمَنْ هُوَ قَائِمٌ عَلَى كُلِّ نَفْسٍ بِمَا كَسَبَتْ <sel> وَجَعَلُوا لِلَّهِ شُرَكَاءَ قُلْ سَمّ...
علم,know/knowledge,1744,1,الْعِلْمِ,وَكَذَلِكَ أَنزَلْنَاهُ حُكْماً عَرَبِيّاً <sel> وَلَئِنِ اتَّبَعْتَ أَهْوَاءَهُم بَعْدَمَا جَاءَكَ ...
علم,know/knowledge,1749,2,"يَعْلَمُ, وَسَيَعْلَمُ",وَقَدْ مَكَرَ الَّذِينَ مِن قَبْلِهِمْ فَلِلَّهِ الْمَكْرُ جَمِيعاً <sel> يَعْلَمُ مَا تَكْسِبُ كُلّ...
علم,know/knowledge,1750,1,عِلْمُ,وَيَقُولُ الَّذِينَ كَفَرُوا لَسْتَ مُرْسَلاً <sel> قُلْ كَفَى بِاللَّهِ شَهِيداً بَيْنِي وَبَيْنَكُ...
علم,know/knowledge,1759,1,يَعْلَمُهُمْ,أَلَمْ يَأْتِكُمْ نَبَأُ الَّذِينَ مِن قَبْلِكُمْ قَوْمِ نُوحٍ وَعَادٍ وَثَمُودَ وَالَّذِينَ مِن بَع...
علم,know/knowledge,1788,1,تَعْلَمُ,رَبَّنَا إِنَّكَ تَعْلَمُ مَا نُخْفِي وَمَا نُعْلِنُ <sel> وَمَا يَخْفَى عَلَى اللَّهِ مِن شَيْءٍ فِ...
علم,know/knowledge,1802,1,وَلِيَعْلَمُوا,هَذَا بَلَاغٌ لِّلنَّاسِ وَلِيُنذَرُوا بِهِ وَلِيَعْلَمُوا أَنَّمَا هُوَ إِلَهٌ وَاحِدٌ وَلِيَذَّكَّ...
علم,know/knowledge,1805,1,يَعْلَمُونَ,ذَرْهُمْ يَأْكُلُوا وَيَتَمَتَّعُوا وَيُلْهِهِمُ الْأَمَلُ <sel> فَسَوْفَ يَعْلَمُونَ
علم,know/knowledge,1826,2,"عَلِمْنَا, عَلِمْنَا",وَلَقَدْ عَلِمْنَا الْمُسْتَقْدِمِينَ مِنكُمْ وَلَقَدْ عَلِمْنَا الْمُسْتَأْخِرِينَ
علم,know/knowledge,1898,1,يَعْلَمُونَ,الَّذِينَ يَجْعَلُونَ مَعَ اللَّهِ إِلَهاً آخَرَ <sel> فَسَوْفَ يَعْلَمُونَ
علم,know/knowledge,1899,1,نَعْلَمُ,وَلَقَدْ نَعْلَمُ أَنَّكَ يَضِيقُ صَدْرُكَ بِمَا يَقُولُونَ
علم,know/knowledge,1909,1,تَعْلَمُونَ,وَالْخَيْلَ وَالْبِغَالَ وَالْحَمِيرَ لِتَرْكَبُوهَا وَزِينَةً <sel> وَيَخْلُقُ مَا لَا تَعْلَمُونَ
علم,know/knowledge,1920,1,يَعْلَمُ,وَاللَّهُ يَعْلَمُ مَا تُسِرُّونَ وَمَا تُعْلِنُونَ
علم,know/knowledge,1924,1,يَعْلَمُ,لَا جَرَمَ أَنَّ اللَّهَ يَعْلَمُ مَا يُسِرُّونَ وَمَا يُعْلِنُونَ <sel> إِنَّهُ لَا يُحِبُّ الْمُسْ...
علم,know/knowledge,1926,1,عِلْمٍ,لِيَحْمِلُوا أَوْزَارَهُمْ كَامِلَةً يَوْمَ الْقِيَامَةِ وَمِنْ أَوْزَارِ الَّذِينَ يُضِلُّونَهُم بِ...
علم,know/knowledge,1928,1,الْعِلْمَ,ثُمَّ يَوْمَ الْقِيَامَةِ يُخْزِيهِمْ وَيَقُولُ أَيْنَ شُرَكَائِيَ الَّذِينَ كُنتُمْ تُشَاقُّونَ فِي...
علم,know/knowledge,1939,1,يَعْلَمُونَ,وَأَقْسَمُوا بِاللَّهِ جَهْدَ أَيْمَانِهِمْ لَا يَبْعَثُ اللَّهُ مَن يَمُوتُ <sel> بَلَى وَعْداً عَل...
علم,know/knowledge,1940,1,وَلِيَعْلَمَ,لِيُبَيِّنَ لَهُمُ الَّذِي يَخْتَلِفُونَ فِيهِ وَلِيَعْلَمَ الَّذِينَ كَفَرُوا أَنَّهُمْ كَانُوا كَا...
علم,know/knowledge,1942,1,يَعْلَمُونَ,وَالَّذِينَ هَاجَرُوا فِي اللَّهِ مِن بَعْدِ مَا ظُلِمُوا لَنُبَوِّئَنَّهُمْ فِي الدُّنْيَا حَسَنَةً...
علم,know/knowledge,1944,1,تَعْلَمُونَ,وَمَا أَرْسَلْنَا مِن قَبْلِكَ إِلَّا رِجَالاً نُّوحِي إِلَيْهِمْ <sel> فَاسْأَلُوا أَهْلَ الذِّكْرِ...
علم,know/knowledge,1956,1,تَعْلَمُونَ,لِيَكْفُرُوا بِمَا آتَيْنَاهُمْ <sel> فَتَمَتَّعُوا <sel> فَسَوْفَ تَعْلَمُونَ
علم,know/knowledge,1957,1,يَعْلَمُونَ,وَيَجْعَلُونَ لِمَا لَا يَعْلَمُونَ نَصِيباً مِّمَّا رَزَقْنَاهُمْ <sel> تَاللَّهِ لَتُسْأَلُنَّ عَم...
علم,know/knowledge,1971,2,"يَعْلَمَ, عِلْمٍ",وَاللَّهُ خَلَقَكُمْ ثُمَّ يَتَوَفَّاكُمْ <sel> وَمِنكُم مَّن يُرَدُّ إِلَى أَرْذَلِ الْعُمُرِ لِكَي...
علم,know/knowledge,1975,2,"يَعْلَمُ, تَعْلَمُونَ",فَلَا تَضْرِبُوا لِلَّهِ الْأَمْثَالَ <sel> إِنَّ اللَّهَ يَعْلَمُ وَأَنتُمْ لَا تَعْلَمُونَ
علم,know/knowledge,1976,1,يَعْلَمُونَ,ضَرَبَ اللَّهُ مَثَلاً عَبْداً مَّمْلُوكاً لَّا يَقْدِرُ عَلَى شَيْءٍ وَمَن رَّزَقْنَاهُ مِنَّا رِزْ...
علم,know/knowledge,1979,1,تَعْلَمُونَ,وَاللَّهُ أَخْرَجَكُم مِّن بُطُونِ أُمَّهَاتِكُمْ لَا تَعْلَمُونَ شَيْئاً وَجَعَلَ لَكُمُ السَّمْعَ ...
علم,know/knowledge,1992,1,يَعْلَمُ,وَأَوْفُوا بِعَهْدِ اللَّهِ إِذَا عَاهَدتُّمْ وَلَا تَنقُضُوا الْأَيْمَانَ بَعْدَ تَوْكِيدِهَا وَقَد...
علم,know/knowledge,1996,1,تَعْلَمُونَ,وَلَا تَشْتَرُوا بِعَهْدِ اللَّهِ ثَمَناً قَلِيلاً <sel> إِنَّمَا عِندَ اللَّهِ هُوَ خَيْرٌ لَّكُمْ ...
علم,know/knowledge,2002,2,"أَعْلَمُ, يَعْلَمُونَ",وَإِذَا بَدَّلْنَا آيَةً مَّكَانَ آيَةٍ وَاللَّهُ أَعْلَمُ بِمَا يُنَزِّلُ قَالُوا إِنَّمَا أَنتَ مُ...
علم,know/knowledge,2004,2,"نَعْلَمُ, يُعَلِّمُهُ",وَلَقَدْ نَعْلَمُ أَنَّهُمْ يَقُولُونَ إِنَّمَا يُعَلِّمُهُ بَشَرٌ <sel> لِّسَانُ الَّذِي يُلْحِدُون...
علم,know/knowledge,2026,2,"أَعْلَمُ, أَعْلَمُ",ادْعُ إِلَى سَبِيلِ رَبِّكَ بِالْحِكْمَةِ وَالْمَوْعِظَةِ الْحَسَنَةِ <sel> وَجَادِلْهُم بِالَّتِي ه...
علم,know/knowledge,2041,1,وَلِتَعْلَمُوا,وَجَعَلْنَا اللَّيْلَ وَالنَّهَارَ آيَتَيْنِ <sel> فَمَحَوْنَا آيَةَ اللَّيْلِ وَجَعَلْنَا آيَةَ الن...
علم,know/knowledge,2054,1,أَعْلَمُ,رَّبُّكُمْ أَعْلَمُ بِمَا فِي نُفُوسِكُمْ <sel> إِن تَكُونُوا صَالِحِينَ فَإِنَّهُ كَانَ لِلْأَوَّاب...
علم,know/knowledge,2065,1,عِلْمٌ,وَلَا تَقْفُ مَا لَيْسَ لَكَ بِهِ عِلْمٌ <sel> إِنَّ السَّمْعَ وَالْبَصَرَ وَالْفُؤَادَ كُلُّ أُولَئ...
علم,know/knowledge,2076,1,أَعْلَمُ,نَّحْنُ أَعْلَمُ بِمَا يَسْتَمِعُونَ بِهِ إِذْ يَسْتَمِعُونَ إِلَيْكَ وَإِذْ هُمْ نَجْوَى إِذْ يَقُو...
علم,know/knowledge,2083,1,أَعْلَمُ,رَّبُّكُمْ أَعْلَمُ بِكُمْ <sel> إِن يَشَأْ يَرْحَمْكُمْ أَوْ إِن يَشَأْ يُعَذِّبْكُمْ <sel> وَمَا أ...
علم,know/knowledge,2084,1,أَعْلَمُ,وَرَبُّكَ أَعْلَمُ بِمَن فِي السَّمَاوَاتِ وَالْأَرْضِ <sel> وَلَقَدْ فَضَّلْنَا بَعْضَ النَّبِيِّين...
علم,know/knowledge,2113,1,أَعْلَمُ,قُلْ كُلٌّ يَعْمَلُ عَلَى شَاكِلَتِهِ فَرَبُّكُمْ أَعْلَمُ بِمَنْ هُوَ أَهْدَى سَبِيلاً
علم,know/knowledge,2114,1,الْعِلْمِ,وَيَسْأَلُونَكَ عَنِ الرُّوحِ <sel> قُلِ الرُّوحُ مِنْ أَمْرِ رَبِّي وَمَا أُوتِيتُم مِّنَ الْعِلْمِ...
علم,know/knowledge,2131,1,عَلِمْتَ,قَالَ لَقَدْ عَلِمْتَ مَا أَنزَلَ هَؤُلَاءِ إِلَّا رَبُّ السَّمَاوَاتِ وَالْأَرْضِ بَصَائِرَ وَإِنِّ...
علم,know/knowledge,2136,1,الْعِلْمَ,قُلْ آمِنُوا بِهِ أَوْ لَا تُؤْمِنُوا <sel> إِنَّ الَّذِينَ أُوتُوا الْعِلْمَ مِن قَبْلِهِ إِذَا يُت...
علم,know/knowledge,2145,1,عِلْمٍ,مَّا لَهُم بِهِ مِنْ عِلْمٍ وَلَا لِآبَائِهِمْ <sel> كَبُرَتْ كَلِمَةً تَخْرُجُ مِنْ أَفْوَاهِهِمْ <...
علم,know/knowledge,2152,1,لِنَعْلَمَ,ثُمَّ بَعَثْنَاهُمْ لِنَعْلَمَ أَيُّ الْحِزْبَيْنِ أَحْصَى لِمَا لَبِثُوا أَمَداً
علم,know/knowledge,2159,1,أَعْلَمُ,وَكَذَلِكَ بَعَثْنَاهُمْ لِيَتَسَاءَلُوا بَيْنَهُمْ <sel> قَالَ قَائِلٌ مِّنْهُمْ كَمْ لَبِثْتُمْ <s...
علم,know/knowledge,2161,2,"لِيَعْلَمُوا, أَعْلَمُ",وَكَذَلِكَ أَعْثَرْنَا عَلَيْهِمْ لِيَعْلَمُوا أَنَّ وَعْدَ اللَّهِ حَقٌّ وَأَنَّ السَّاعَةَ لَا رَي...
علم,know/knowledge,2162,2,"أَعْلَمُ, يَعْلَمُهُمْ",سَيَقُولُونَ ثَلَاثَةٌ رَّابِعُهُمْ كَلْبُهُمْ وَيَقُولُونَ خَمْسَةٌ سَادِسُهُمْ كَلْبُهُمْ رَجْماً ...
علم,know/knowledge,2166,1,أَعْلَمُ,قُلِ اللَّهُ أَعْلَمُ بِمَا لَبِثُوا <sel> لَهُ غَيْبُ السَّمَاوَاتِ وَالْأَرْضِ <sel> أَبْصِرْ بِهِ...
علم,know/knowledge,2205,2,"وَعَلَّمْنَاهُ, عِلْماً",فَوَجَدَا عَبْداً مِّنْ عِبَادِنَا آتَيْنَاهُ رَحْمَةً مِّنْ عِندِنَا وَعَلَّمْنَاهُ مِن لَّدُنَّا ع...
علم,know/knowledge,2206,2,"تُعَلِّمَنِ, عُلِّمْتَ",قَالَ لَهُ مُوسَى هَلْ أَتَّبِعُكَ عَلَى أَن تُعَلِّمَنِ مِمَّا عُلِّمْتَ رُشْداً
علم,know/knowledge,2293,1,الْعِلْمِ,يَا أَبَتِ إِنِّي قَدْ جَاءَنِي مِنَ الْعِلْمِ مَا لَمْ يَأْتِكَ فَاتَّبِعْنِي أَهْدِكَ صِرَاطاً سَو...
علم,know/knowledge,2315,1,تَعْلَمُ,رَّبُّ السَّمَاوَاتِ وَالْأَرْضِ وَمَا بَيْنَهُمَا فَاعْبُدْهُ وَاصْطَبِرْ لِعِبَادَتِهِ <sel> هَلْ ...
علم,know/knowledge,2320,1,أَعْلَمُ,ثُمَّ لَنَحْنُ أَعْلَمُ بِالَّذِينَ هُمْ أَوْلَى بِهَا صِلِيّاً
علم,know/knowledge,2325,1,فَسَيَعْلَمُونَ,قُلْ مَن كَانَ فِي الضَّلَالَةِ فَلْيَمْدُدْ لَهُ الرَّحْمَنُ مَدّاً <sel> حَتَّى إِذَا رَأَوْا مَا ...
علم,know/knowledge,2355,1,يَعْلَمُ,وَإِن تَجْهَرْ بِالْقَوْلِ فَإِنَّهُ يَعْلَمُ السِّرَّ وَأَخْفَى
علم,know/knowledge,2400,1,عِلْمُهَا,قَالَ عِلْمُهَا عِندَ رَبِّي فِي كِتَابٍ <sel> لَّا يَضِلُّ رَبِّي وَلَا يَنسَى
علم,know/knowledge,2419,2,"عَلَّمَكُمُ, وَلَتَعْلَمُنَّ",قَالَ آمَنتُمْ لَهُ قَبْلَ أَنْ آذَنَ لَكُمْ <sel> إِنَّهُ لَكَبِيرُكُمُ الَّذِي عَلَّمَكُمُ السِّحْ...
علم,know/knowledge,2446,1,عِلْماً,إِنَّمَا إِلَهُكُمُ اللَّهُ الَّذِي لَا إِلَهَ إِلَّا هُوَ <sel> وَسِعَ كُلَّ شَيْءٍ عِلْماً
علم,know/knowledge,2452,1,أَعْلَمُ,نَّحْنُ أَعْلَمُ بِمَا يَقُولُونَ إِذْ يَقُولُ أَمْثَلُهُمْ طَرِيقَةً إِن لَّبِثْتُمْ إِلَّا يَوْماً
علم,know/knowledge,2458,2,"يَعْلَمُ, عِلْماً",يَعْلَمُ مَا بَيْنَ أَيْدِيهِمْ وَمَا خَلْفَهُمْ وَلَا يُحِيطُونَ بِهِ عِلْماً
علم,know/knowledge,2462,1,عِلْماً,فَتَعَالَى اللَّهُ الْمَلِكُ الْحَقُّ <sel> وَلَا تَعْجَلْ بِالْقُرْآنِ مِن قَبْلِ أَن يُقْضَى إِلَي...
علم,know/knowledge,2483,1,فَسَتَعْلَمُونَ,قُلْ كُلٌّ مُّتَرَبِّصٌ فَتَرَبَّصُوا <sel> فَسَتَعْلَمُونَ مَنْ أَصْحَابُ الصِّرَاطِ السَّوِيِّ وَم...
علم,know/knowledge,2487,1,يَعْلَمُ,قَالَ رَبِّي يَعْلَمُ الْقَوْلَ فِي السَّمَاءِ وَالْأَرْضِ <sel> وَهُوَ السَّمِيعُ الْعَلِيمُ
علم,know/knowledge,2490,1,تَعْلَمُونَ,وَمَا أَرْسَلْنَا قَبْلَكَ إِلَّا رِجَالاً نُّوحِي إِلَيْهِمْ <sel> فَاسْأَلُوا أَهْلَ الذِّكْرِ إِن...
علم,know/knowledge,2507,1,يَعْلَمُونَ,أَمِ اتَّخَذُوا مِن دُونِهِ آلِهَةً <sel> قُلْ هَاتُوا بُرْهَانَكُمْ <sel> هَذَا ذِكْرُ مَن مَّعِيَ ...
علم,know/knowledge,2511,1,يَعْلَمُ,يَعْلَمُ مَا بَيْنَ أَيْدِيهِمْ وَمَا خَلْفَهُمْ وَلَا يَشْفَعُونَ إِلَّا لِمَنِ ارْتَضَى وَهُم مِّن...
علم,know/knowledge,2522,1,يَعْلَمُ,لَوْ يَعْلَمُ الَّذِينَ كَفَرُوا حِينَ لَا يَكُفُّونَ عَن وُجُوهِهِمُ النَّارَ وَلَا عَن ظُهُورِهِمْ...
علم,know/knowledge,2548,1,عَلِمْتَ,ثُمَّ نُكِسُوا عَلَى رُءُوسِهِمْ لَقَدْ عَلِمْتَ مَا هَؤُلَاءِ يَنطِقُونَ
علم,know/knowledge,2557,1,وَعِلْماً,وَلُوطاً آتَيْنَاهُ حُكْماً وَعِلْماً وَنَجَّيْنَاهُ مِنَ الْقَرْيَةِ الَّتِي كَانَت تَّعْمَلُ الْخَ...
علم,know/knowledge,2562,1,وَعِلْماً,فَفَهَّمْنَاهَا سُلَيْمَانَ <sel> وَكُلّاً آتَيْنَا حُكْماً وَعِلْماً <sel> وَسَخَّرْنَا مَعَ دَاوُو...
علم,know/knowledge,2563,1,وَعَلَّمْنَاهُ,وَعَلَّمْنَاهُ صَنْعَةَ لَبُوسٍ لَّكُمْ لِتُحْصِنَكُم مِّن بَأْسِكُمْ <sel> فَهَلْ أَنتُمْ شَاكِرُون...
علم,know/knowledge,2593,2,"يَعْلَمُ, وَيَعْلَمُ",إِنَّهُ يَعْلَمُ الْجَهْرَ مِنَ الْقَوْلِ وَيَعْلَمُ مَا تَكْتُمُونَ
علم,know/knowledge,2598,1,عِلْمٍ,وَمِنَ النَّاسِ مَن يُجَادِلُ فِي اللَّهِ بِغَيْرِ عِلْمٍ وَيَتَّبِعُ كُلَّ شَيْطَانٍ مَّرِيدٍ
علم,know/knowledge,2600,2,"يَعْلَمَ, عِلْمٍ",يَا أَيُّهَا النَّاسُ إِن كُنتُمْ فِي رَيْبٍ مِّنَ الْبَعْثِ فَإِنَّا خَلَقْنَاكُم مِّن تُرَابٍ ثُمّ...
علم,know/knowledge,2603,1,عِلْمٍ,وَمِنَ النَّاسِ مَن يُجَادِلُ فِي اللَّهِ بِغَيْرِ عِلْمٍ وَلَا هُدًى وَلَا كِتَابٍ مُّنِيرٍ
علم,know/knowledge,2649,2,"وَلِيَعْلَمَ, الْعِلْمَ",وَلِيَعْلَمَ الَّذِينَ أُوتُوا الْعِلْمَ أَنَّهُ الْحَقُّ مِن رَّبِّكَ فَيُؤْمِنُوا بِهِ فَتُخْبِتَ ...
علم,know/knowledge,2663,1,أَعْلَمُ,وَإِن جَادَلُوكَ فَقُلِ اللَّهُ أَعْلَمُ بِمَا تَعْمَلُونَ
علم,know/knowledge,2665,2,"تَعْلَمْ, يَعْلَمُ",أَلَمْ تَعْلَمْ أَنَّ اللَّهَ يَعْلَمُ مَا فِي السَّمَاءِ وَالْأَرْضِ <sel> إِنَّ ذَلِكَ فِي كِتَابٍ...
علم,know/knowledge,2666,1,عِلْمٌ,وَيَعْبُدُونَ مِن دُونِ اللَّهِ مَا لَمْ يُنَزِّلْ بِهِ سُلْطَاناً وَمَا لَيْسَ لَهُم بِهِ عِلْمٌ <s...
علم,know/knowledge,2671,1,يَعْلَمُ,يَعْلَمُ مَا بَيْنَ أَيْدِيهِمْ وَمَا خَلْفَهُمْ <sel> وَإِلَى اللَّهِ تُرْجَعُ الْأُمُورُ
علم,know/knowledge,2757,1,تَعْلَمُونَ,قُل لِّمَنِ الْأَرْضُ وَمَن فِيهَا إِن كُنتُمْ تَعْلَمُونَ
علم,know/knowledge,2761,1,تَعْلَمُونَ,قُلْ مَن بِيَدِهِ مَلَكُوتُ كُلِّ شَيْءٍ وَهُوَ يُجِيرُ وَلَا يُجَارُ عَلَيْهِ إِن كُنتُمْ تَعْلَمُو...
علم,know/knowledge,2769,1,أَعْلَمُ,ادْفَعْ بِالَّتِي هِيَ أَحْسَنُ السَّيِّئَةَ <sel> نَحْنُ أَعْلَمُ بِمَا يَصِفُونَ
علم,know/knowledge,2787,1,تَعْلَمُونَ,قَالَ إِن لَّبِثْتُمْ إِلَّا قَلِيلاً <sel> لَّوْ أَنَّكُمْ كُنتُمْ تَعْلَمُونَ
علم,know/knowledge,2806,1,عِلْمٌ,إِذْ تَلَقَّوْنَهُ بِأَلْسِنَتِكُمْ وَتَقُولُونَ بِأَفْوَاهِكُم مَّا لَيْسَ لَكُم بِهِ عِلْمٌ وَتَحْ...
علم,know/knowledge,2810,2,"يَعْلَمُ, تَعْلَمُونَ",إِنَّ الَّذِينَ يُحِبُّونَ أَن تَشِيعَ الْفَاحِشَةُ فِي الَّذِينَ آمَنُوا لَهُمْ عَذَابٌ أَلِيمٌ فِي...
علم,know/knowledge,2816,1,وَيَعْلَمُونَ,يَوْمَئِذٍ يُوَفِّيهِمُ اللَّهُ دِينَهُمُ الْحَقَّ وَيَعْلَمُونَ أَنَّ اللَّهَ هُوَ الْحَقُّ الْمُبِ...
علم,know/knowledge,2820,1,يَعْلَمُ,لَّيْسَ عَلَيْكُمْ جُنَاحٌ أَن تَدْخُلُوا بُيُوتاً غَيْرَ مَسْكُونَةٍ فِيهَا مَتَاعٌ لَّكُمْ <sel> و...
علم,know/knowledge,2822,1,لِيُعْلَمَ,وَقُل لِّلْمُؤْمِنَاتِ يَغْضُضْنَ مِنْ أَبْصَارِهِنَّ وَيَحْفَظْنَ فُرُوجَهُنَّ وَلَا يُبْدِينَ زِين...
علم,know/knowledge,2824,1,عَلِمْتُمْ,وَلْيَسْتَعْفِفِ الَّذِينَ لَا يَجِدُونَ نِكَاحاً حَتَّى يُغْنِيَهُمُ اللَّهُ مِن فَضْلِهِ <sel> وَا...
علم,know/knowledge,2832,1,عَلِمَ,أَلَمْ تَرَ أَنَّ اللَّهَ يُسَبِّحُ لَهُ مَن فِي السَّمَاوَاتِ وَالْأَرْضِ وَالطَّيْرُ صَافَّاتٍ <se...
علم,know/knowledge,2854,1,يَعْلَمُ,لَّا تَجْعَلُوا دُعَاءَ الرَّسُولِ بَيْنَكُمْ كَدُعَاءِ بَعْضِكُم بَعْضاً <sel> قَدْ يَعْلَمُ اللَّه...
علم,know/knowledge,2855,1,يَعْلَمُ,أَلَا إِنَّ لِلَّهِ مَا فِي السَّمَاوَاتِ وَالْأَرْضِ <sel> قَدْ يَعْلَمُ مَا أَنتُمْ عَلَيْهِ وَيَو...
علم,know/knowledge,2861,1,يَعْلَمُ,قُلْ أَنزَلَهُ الَّذِي يَعْلَمُ السِّرَّ فِي السَّمَاوَاتِ وَالْأَرْضِ <sel> إِنَّهُ كَانَ غَفُوراً ...
علم,know/knowledge,2897,1,يَعْلَمُونَ,إِن كَادَ لَيُضِلُّنَا عَنْ آلِهَتِنَا لَوْلَا أَن صَبَرْنَا عَلَيْهَا <sel> وَسَوْفَ يَعْلَمُونَ حِ...
علم,know/knowledge,2981,2,"عَلَّمَكُمُ, تَعْلَمُونَ",قَالَ آمَنتُمْ لَهُ قَبْلَ أَنْ آذَنَ لَكُمْ <sel> إِنَّهُ لَكَبِيرُكُمُ الَّذِي عَلَّمَكُمُ السِّحْ...
علم,know/knowledge,3044,1,عِلْمِي,قَالَ وَمَا عِلْمِي بِمَا كَانُوا يَعْمَلُونَ
علم,know/knowledge,3064,1,تَعْلَمُونَ,وَاتَّقُوا الَّذِي أَمَدَّكُم بِمَا تَعْلَمُونَ
علم,know/knowledge,3120,1,أَعْلَمُ,قَالَ رَبِّي أَعْلَمُ بِمَا تَعْمَلُونَ
علم,know/knowledge,3129,2,"يَعْلَمَهُ, عُلَمَاءُ",أَوَلَمْ يَكُن لَّهُمْ آيَةً أَن يَعْلَمَهُ عُلَمَاءُ بَنِي إِسْرَائِيلَ
علم,know/knowledge,3159,1,وَسَيَعْلَمُ,إِلَّا الَّذِينَ آمَنُوا وَعَمِلُوا الصَّالِحَاتِ وَذَكَرُوا اللَّهَ كَثِيراً وَانتَصَرُوا مِن بَعْد...
علم,know/knowledge,3174,1,عِلْماً,وَلَقَدْ آتَيْنَا دَاوُودَ وَسُلَيْمَانَ عِلْماً <sel> وَقَالَا الْحَمْدُ لِلَّهِ الَّذِي فَضَّلَنَا...
علم,know/knowledge,3175,1,عُلِّمْنَا,وَوَرِثَ سُلَيْمَانُ دَاوُودَ <sel> وَقَالَ يَا أَيُّهَا النَّاسُ عُلِّمْنَا مَنطِقَ الطَّيْرِ وَأُو...
علم,know/knowledge,3184,1,وَيَعْلَمُ,أَلَّا يَسْجُدُوا لِلَّهِ الَّذِي يُخْرِجُ الْخَبْءَ فِي السَّمَاوَاتِ وَالْأَرْضِ وَيَعْلَمُ مَا تُ...
علم,know/knowledge,3199,1,عِلْمٌ,قَالَ الَّذِي عِندَهُ عِلْمٌ مِّنَ الْكِتَابِ أَنَا آتِيكَ بِهِ قَبْلَ أَن يَرْتَدَّ إِلَيْكَ طَرْفُ...
علم,know/knowledge,3201,1,الْعِلْمَ,فَلَمَّا جَاءَتْ قِيلَ أَهَكَذَا عَرْشُكِ <sel> قَالَتْ كَأَنَّهُ هُوَ <sel> وَأُوتِينَا الْعِلْمَ م...
علم,know/knowledge,3211,1,يَعْلَمُونَ,فَتِلْكَ بُيُوتُهُمْ خَاوِيَةً بِمَا ظَلَمُوا <sel> إِنَّ فِي ذَلِكَ لَآيَةً لِّقَوْمٍ يَعْلَمُونَ
علم,know/knowledge,3220,1,يَعْلَمُونَ,أَمَّن جَعَلَ الْأَرْضَ قَرَاراً وَجَعَلَ خِلَالَهَا أَنْهَاراً وَجَعَلَ لَهَا رَوَاسِيَ وَجَعَلَ بَ...
علم,know/knowledge,3224,1,يَعْلَمُ,قُل لَّا يَعْلَمُ مَن فِي السَّمَاوَاتِ وَالْأَرْضِ الْغَيْبَ إِلَّا اللَّهُ <sel> وَمَا يَشْعُرُونَ...
علم,know/knowledge,3225,1,عِلْمُهُمْ,بَلِ ادَّارَكَ عِلْمُهُمْ فِي الْآخِرَةِ <sel> بَلْ هُمْ فِي شَكٍّ مِّنْهَا <sel> بَلْ هُم مِّنْهَا ...
علم,know/knowledge,3233,1,لَيَعْلَمُ,وَإِنَّ رَبَّكَ لَيَعْلَمُ مَا تُكِنُّ صُدُورُهُمْ وَمَا يُعْلِنُونَ
علم,know/knowledge,3243,1,عِلْماً,حَتَّى إِذَا جَاءُوا قَالَ أَكَذَّبْتُم بِآيَاتِي وَلَمْ تُحِيطُوا بِهَا عِلْماً أَمَّاذَا كُنتُمْ ت...
علم,know/knowledge,3265,2,"وَلِتَعْلَمَ, يَعْلَمُونَ",فَرَدَدْنَاهُ إِلَى أُمِّهِ كَيْ تَقَرَّ عَيْنُهَا وَلَا تَحْزَنَ وَلِتَعْلَمَ أَنَّ وَعْدَ اللَّهِ ...
علم,know/knowledge,3266,1,وَعِلْماً,وَلَمَّا بَلَغَ أَشُدَّهُ وَاسْتَوَى آتَيْنَاهُ حُكْماً وَعِلْماً <sel> وَكَذَلِكَ نَجْزِي الْمُحْسِ...
علم,know/knowledge,3289,1,أَعْلَمُ,وَقَالَ مُوسَى رَبِّي أَعْلَمُ بِمَن جَاءَ بِالْهُدَى مِنْ عِندِهِ وَمَن تَكُونُ لَهُ عَاقِبَةُ الدّ...
علم,know/knowledge,3290,1,عَلِمْتُ,وَقَالَ فِرْعَوْنُ يَا أَيُّهَا الْمَلَأُ مَا عَلِمْتُ لَكُم مِّنْ إِلَهٍ غَيْرِي فَأَوْقِدْ لِي يَا...
علم,know/knowledge,3302,1,فَاعْلَمْ,فَإِن لَّمْ يَسْتَجِيبُوا لَكَ فَاعْلَمْ أَنَّمَا يَتَّبِعُونَ أَهْوَاءَهُمْ <sel> وَمَنْ أَضَلُّ مِ...
علم,know/knowledge,3308,1,أَعْلَمُ,إِنَّكَ لَا تَهْدِي مَنْ أَحْبَبْتَ وَلَكِنَّ اللَّهَ يَهْدِي مَن يَشَاءُ <sel> وَهُوَ أَعْلَمُ بِال...
علم,know/knowledge,3309,1,يَعْلَمُونَ,وَقَالُوا إِن نَّتَّبِعِ الْهُدَى مَعَكَ نُتَخَطَّفْ مِنْ أَرْضِنَا <sel> أَوَلَمْ نُمَكِّن لَّهُمْ ...
علم,know/knowledge,3321,1,يَعْلَمُ,وَرَبُّكَ يَعْلَمُ مَا تُكِنُّ صُدُورُهُمْ وَمَا يُعْلِنُونَ
علم,know/knowledge,3327,1,فَعَلِمُوا,وَنَزَعْنَا مِن كُلِّ أُمَّةٍ شَهِيداً فَقُلْنَا هَاتُوا بُرْهَانَكُمْ فَعَلِمُوا أَنَّ الْحَقَّ لِل...
علم,know/knowledge,3330,2,"عِلْمٍ, يَعْلَمْ",قَالَ إِنَّمَا أُوتِيتُهُ عَلَى عِلْمٍ عِندِي <sel> أَوَلَمْ يَعْلَمْ أَنَّ اللَّهَ قَدْ أَهْلَكَ مِ...
علم,know/knowledge,3332,1,الْعِلْمَ,وَقَالَ الَّذِينَ أُوتُوا الْعِلْمَ وَيْلَكُمْ ثَوَابُ اللَّهِ خَيْرٌ لِّمَنْ آمَنَ وَعَمِلَ صَالِحا...
علم,know/knowledge,3337,1,أَعْلَمُ,إِنَّ الَّذِي فَرَضَ عَلَيْكَ الْقُرْآنَ لَرَادُّكَ إِلَى مَعَادٍ <sel> قُل رَّبِّي أَعْلَمُ مَن جَا...
علم,know/knowledge,3343,2,"فَلَيَعْلَمَنَّ, وَلَيَعْلَمَنَّ",وَلَقَدْ فَتَنَّا الَّذِينَ مِن قَبْلِهِمْ <sel> فَلَيَعْلَمَنَّ اللَّهُ الَّذِينَ صَدَقُوا وَلَيَعْ...
علم,know/knowledge,3348,1,عِلْمٌ,وَوَصَّيْنَا الْإِنسَانَ بِوَالِدَيْهِ حُسْناً <sel> وَإِن جَاهَدَاكَ لِتُشْرِكَ بِي مَا لَيْسَ لَكَ...
علم,know/knowledge,3350,1,بِأَعْلَمَ,وَمِنَ النَّاسِ مَن يَقُولُ آمَنَّا بِاللَّهِ فَإِذَا أُوذِيَ فِي اللَّهِ جَعَلَ فِتْنَةَ النَّاسِ ك...
علم,know/knowledge,3351,2,"وَلَيَعْلَمَنَّ, وَلَيَعْلَمَنَّ",وَلَيَعْلَمَنَّ اللَّهُ الَّذِينَ آمَنُوا وَلَيَعْلَمَنَّ الْمُنَافِقِينَ
علم,know/knowledge,3356,1,تَعْلَمُونَ,وَإِبْرَاهِيمَ إِذْ قَالَ لِقَوْمِهِ اعْبُدُوا اللَّهَ وَاتَّقُوهُ <sel> ذَلِكُمْ خَيْرٌ لَّكُمْ إِن...
علم,know/knowledge,3372,1,أَعْلَمُ,قَالَ إِنَّ فِيهَا لُوطاً <sel> قَالُوا نَحْنُ أَعْلَمُ بِمَن فِيهَا <sel> لَنُنَجِّيَنَّهُ وَأَهْلَ...
علم,know/knowledge,3381,1,يَعْلَمُونَ,مَثَلُ الَّذِينَ اتَّخَذُوا مِن دُونِ اللَّهِ أَوْلِيَاءَ كَمَثَلِ الْعَنكَبُوتِ اتَّخَذَتْ بَيْتاً ...
علم,know/knowledge,3382,1,يَعْلَمُ,إِنَّ اللَّهَ يَعْلَمُ مَا يَدْعُونَ مِن دُونِهِ مِن شَيْءٍ <sel> وَهُوَ الْعَزِيزُ الْحَكِيمُ
علم,know/knowledge,3385,1,يَعْلَمُ,اتْلُ مَا أُوحِيَ إِلَيْكَ مِنَ الْكِتَابِ وَأَقِمِ الصَّلَاةَ <sel> إِنَّ الصَّلَاةَ تَنْهَى عَنِ ا...
علم,know/knowledge,3389,1,الْعِلْمَ,بَلْ هُوَ آيَاتٌ بَيِّنَاتٌ فِي صُدُورِ الَّذِينَ أُوتُوا الْعِلْمَ <sel> وَمَا يَجْحَدُ بِآيَاتِنَا...
علم,know/knowledge,3392,1,يَعْلَمُ,قُلْ كَفَى بِاللَّهِ بَيْنِي وَبَيْنَكُمْ شَهِيداً <sel> يَعْلَمُ مَا فِي السَّمَاوَاتِ وَالْأَرْضِ ...
علم,know/knowledge,3404,1,يَعْلَمُونَ,وَمَا هَذِهِ الْحَيَاةُ الدُّنْيَا إِلَّا لَهْوٌ وَلَعِبٌ <sel> وَإِنَّ الدَّارَ الْآخِرَةَ لَهِيَ ا...
علم,know/knowledge,3406,1,يَعْلَمُونَ,لِيَكْفُرُوا بِمَا آتَيْنَاهُمْ وَلِيَتَمَتَّعُوا <sel> فَسَوْفَ يَعْلَمُونَ
علم,know/knowledge,3415,1,يَعْلَمُونَ,وَعْدَ اللَّهِ <sel> لَا يُخْلِفُ اللَّهُ وَعْدَهُ وَلَكِنَّ أَكْثَرَ النَّاسِ لَا يَعْلَمُونَ
علم,know/knowledge,3416,1,يَعْلَمُونَ,يَعْلَمُونَ ظَاهِراً مِّنَ الْحَيَاةِ الدُّنْيَا وَهُمْ عَنِ الْآخِرَةِ هُمْ غَافِلُونَ
علم,know/knowledge,3438,1,عِلْمٍ,بَلِ اتَّبَعَ الَّذِينَ ظَلَمُوا أَهْوَاءَهُم بِغَيْرِ عِلْمٍ <sel> فَمَن يَهْدِي مَنْ أَضَلَّ اللَّ...
علم,know/knowledge,3439,1,يَعْلَمُونَ,فَأَقِمْ وَجْهَكَ لِلدِّينِ حَنِيفاً <sel> فِطْرَتَ اللَّهِ الَّتِي فَطَرَ النَّاسَ عَلَيْهَا <sel> ...
علم,know/knowledge,3443,1,تَعْلَمُونَ,لِيَكْفُرُوا بِمَا آتَيْنَاهُمْ <sel> فَتَمَتَّعُوا فَسَوْفَ تَعْلَمُونَ
علم,know/knowledge,3465,2,"الْعِلْمَ, تَعْلَمُونَ",وَقَالَ الَّذِينَ أُوتُوا الْعِلْمَ وَالْإِيمَانَ لَقَدْ لَبِثْتُمْ فِي كِتَابِ اللَّهِ إِلَى يَوْمِ...
علم,know/knowledge,3468,1,يَعْلَمُونَ,كَذَلِكَ يَطْبَعُ اللَّهُ عَلَى قُلُوبِ الَّذِينَ لَا يَعْلَمُونَ
علم,know/knowledge,3475,1,عِلْمٍ,وَمِنَ النَّاسِ مَن يَشْتَرِي لَهْوَ الْحَدِيثِ لِيُضِلَّ عَن سَبِيلِ اللَّهِ بِغَيْرِ عِلْمٍ وَيَتّ...
علم,know/knowledge,3484,1,عِلْمٌ,وَإِن جَاهَدَاكَ عَلَى أَن تُشْرِكَ بِي مَا لَيْسَ لَكَ بِهِ عِلْمٌ فَلَا تُطِعْهُمَا <sel> وَصَاحِب...
علم,know/knowledge,3489,1,عِلْمٍ,أَلَمْ تَرَوْا أَنَّ اللَّهَ سَخَّرَ لَكُم مَّا فِي السَّمَاوَاتِ وَمَا فِي الْأَرْضِ وَأَسْبَغَ عَل...
علم,know/knowledge,3494,1,يَعْلَمُونَ,وَلَئِن سَأَلْتَهُم مَّنْ خَلَقَ السَّمَاوَاتِ وَالْأَرْضَ لَيَقُولُنَّ اللَّهُ <sel> قُلِ الْحَمْدُ...
علم,know/knowledge,3503,2,"عِلْمُ, وَيَعْلَمُ",إِنَّ اللَّهَ عِندَهُ عِلْمُ السَّاعَةِ وَيُنَزِّلُ الْغَيْثَ وَيَعْلَمُ مَا فِي الْأَرْحَامِ <sel> ...
علم,know/knowledge,3520,1,تَعْلَمُ,فَلَا تَعْلَمُ نَفْسٌ مَّا أُخْفِيَ لَهُم مِّن قُرَّةِ أَعْيُنٍ جَزَاءً بِمَا كَانُوا يَعْمَلُونَ
علم,know/knowledge,3538,1,تَعْلَمُوا,ادْعُوهُمْ لِآبَائِهِمْ هُوَ أَقْسَطُ عِندَ اللَّهِ <sel> فَإِن لَّمْ تَعْلَمُوا آبَاءَهُمْ فَإِخْوَ...
علم,know/knowledge,3551,1,يَعْلَمُ,قَدْ يَعْلَمُ اللَّهُ الْمُعَوِّقِينَ مِنكُمْ وَالْقَائِلِينَ لِإِخْوَانِهِمْ هَلُمَّ إِلَيْنَا <sel...
علم,know/knowledge,3583,1,عَلِمْنَا,يَا أَيُّهَا النَّبِيُّ إِنَّا أَحْلَلْنَا لَكَ أَزْوَاجَكَ اللَّاتِي آتَيْتَ أُجُورَهُنَّ وَمَا مَل...
علم,know/knowledge,3584,1,يَعْلَمُ,تُرْجِي مَن تَشَاءُ مِنْهُنَّ وَتُؤْوِي إِلَيْكَ مَن تَشَاءُ <sel> وَمَنِ ابْتَغَيْتَ مِمَّنْ عَزَلْ...
علم,know/knowledge,3596,1,عِلْمُهَا,يَسْأَلُكَ النَّاسُ عَنِ السَّاعَةِ <sel> قُلْ إِنَّمَا عِلْمُهَا عِندَ اللَّهِ <sel> وَمَا يُدْرِيك...
علم,know/knowledge,3608,1,يَعْلَمُ,يَعْلَمُ مَا يَلِجُ فِي الْأَرْضِ وَمَا يَخْرُجُ مِنْهَا وَمَا يَنزِلُ مِنَ السَّمَاءِ وَمَا يَعْرُج...
علم,know/knowledge,3612,1,الْعِلْمَ,وَيَرَى الَّذِينَ أُوتُوا الْعِلْمَ الَّذِي أُنزِلَ إِلَيْكَ مِن رَّبِّكَ هُوَ الْحَقَّ وَيَهْدِي إِ...
علم,know/knowledge,3620,1,يَعْلَمُونَ,فَلَمَّا قَضَيْنَا عَلَيْهِ الْمَوْتَ مَا دَلَّهُمْ عَلَى مَوْتِهِ إِلَّا دَابَّةُ الْأَرْضِ تَأْكُل...
علم,know/knowledge,3627,1,لِنَعْلَمَ,وَمَا كَانَ لَهُ عَلَيْهِم مِّن سُلْطَانٍ إِلَّا لِنَعْلَمَ مَن يُؤْمِنُ بِالْآخِرَةِ مِمَّنْ هُوَ م...
علم,know/knowledge,3634,1,يَعْلَمُونَ,وَمَا أَرْسَلْنَاكَ إِلَّا كَافَّةً لِّلنَّاسِ بَشِيراً وَنَذِيراً وَلَكِنَّ أَكْثَرَ النَّاسِ لَا ي...
علم,know/knowledge,3642,1,يَعْلَمُونَ,قُلْ إِنَّ رَبِّي يَبْسُطُ الرِّزْقَ لِمَن يَشَاءُ وَيَقْدِرُ وَلَكِنَّ أَكْثَرَ النَّاسِ لَا يَعْلَ...
علم,know/knowledge,3671,1,بِعِلْمِهِ,وَاللَّهُ خَلَقَكُم مِّن تُرَابٍ ثُمَّ مِن نُّطْفَةٍ ثُمَّ جَعَلَكُمْ أَزْوَاجاً <sel> وَمَا تَحْمِل...
علم,know/knowledge,3688,1,الْعُلَمَاءُ,وَمِنَ النَّاسِ وَالدَّوَابِّ وَالْأَنْعَامِ مُخْتَلِفٌ أَلْوَانُهُ كَذَلِكَ <sel> إِنَّمَا يَخْشَى ...
علم,know/knowledge,3721,1,يَعْلَمُ,قَالُوا رَبُّنَا يَعْلَمُ إِنَّا إِلَيْكُمْ لَمُرْسَلُونَ
علم,know/knowledge,3731,1,يَعْلَمُونَ,قِيلَ ادْخُلِ الْجَنَّةَ <sel> قَالَ يَا لَيْتَ قَوْمِي يَعْلَمُونَ
علم,know/knowledge,3741,1,يَعْلَمُونَ,سُبْحَانَ الَّذِي خَلَقَ الْأَزْوَاجَ كُلَّهَا مِمَّا تُنبِتُ الْأَرْضُ وَمِنْ أَنفُسِهِمْ وَمِمَّا ...
علم,know/knowledge,3774,1,عَلَّمْنَاهُ,وَمَا عَلَّمْنَاهُ الشِّعْرَ وَمَا يَنبَغِي لَهُ <sel> إِنْ هُوَ إِلَّا ذِكْرٌ وَقُرْآنٌ مُّبِينٌ
علم,know/knowledge,3781,1,نَعْلَمُ,فَلَا يَحْزُنكَ قَوْلُهُمْ <sel> إِنَّا نَعْلَمُ مَا يُسِرُّونَ وَمَا يُعْلِنُونَ
علم,know/knowledge,3946,1,عَلِمَتِ,وَجَعَلُوا بَيْنَهُ وَبَيْنَ الْجِنَّةِ نَسَباً <sel> وَلَقَدْ عَلِمَتِ الْجِنَّةُ إِنَّهُمْ لَمُحْض...
علم,know/knowledge,3958,1,يَعْلَمُونَ,فَكَفَرُوا بِهِ <sel> فَسَوْفَ يَعْلَمُونَ
علم,know/knowledge,4039,1,عِلْمٍ,مَا كَانَ لِيَ مِنْ عِلْمٍ بِالْمَلَإِ الْأَعْلَى إِذْ يَخْتَصِمُونَ
علم,know/knowledge,4058,1,وَلَتَعْلَمُنَّ,وَلَتَعْلَمُنَّ نَبَأَهُ بَعْدَ حِينٍ
علم,know/knowledge,4067,2,"يَعْلَمُونَ, يَعْلَمُونَ",أَمَّنْ هُوَ قَانِتٌ آنَاءَ اللَّيْلِ سَاجِداً وَقَائِماً يَحْذَرُ الْآخِرَةَ وَيَرْجُو رَحْمَةَ رَب...
علم,know/knowledge,4084,1,يَعْلَمُونَ,فَأَذَاقَهُمُ اللَّهُ الْخِزْيَ فِي الْحَيَاةِ الدُّنْيَا <sel> وَلَعَذَابُ الْآخِرَةِ أَكْبَرُ <sel...
علم,know/knowledge,4087,1,يَعْلَمُونَ,ضَرَبَ اللَّهُ مَثَلاً رَّجُلاً فِيهِ شُرَكَاءُ مُتَشَاكِسُونَ وَرَجُلاً سَلَماً لِّرَجُلٍ هَلْ يَسْ...
علم,know/knowledge,4097,1,تَعْلَمُونَ,قُلْ يَا قَوْمِ اعْمَلُوا عَلَى مَكَانَتِكُمْ إِنِّي عَامِلٌ <sel> فَسَوْفَ تَعْلَمُونَ
علم,know/knowledge,4107,2,"عِلْمٍ, يَعْلَمُونَ",فَإِذَا مَسَّ الْإِنسَانَ ضُرٌّ دَعَانَا ثُمَّ إِذَا خَوَّلْنَاهُ نِعْمَةً مِّنَّا قَالَ إِنَّمَا أُ...
علم,know/knowledge,4110,1,يَعْلَمُوا,أَوَلَمْ يَعْلَمُوا أَنَّ اللَّهَ يَبْسُطُ الرِّزْقَ لِمَن يَشَاءُ وَيَقْدِرُ <sel> إِنَّ فِي ذَلِكَ...
علم,know/knowledge,4128,1,أَعْلَمُ,وَوُفِّيَتْ كُلُّ نَفْسٍ مَّا عَمِلَتْ وَهُوَ أَعْلَمُ بِمَا يَفْعَلُونَ
علم,know/knowledge,4140,1,وَعِلْماً,الَّذِينَ يَحْمِلُونَ الْعَرْشَ وَمَنْ حَوْلَهُ يُسَبِّحُونَ بِحَمْدِ رَبِّهِمْ وَيُؤْمِنُونَ بِهِ و...
علم,know/knowledge,4152,1,يَعْلَمُ,يَعْلَمُ خَائِنَةَ الْأَعْيُنِ وَمَا تُخْفِي الصُّدُورُ
علم,know/knowledge,4175,1,عِلْمٌ,تَدْعُونَنِي لِأَكْفُرَ بِاللَّهِ وَأُشْرِكَ بِهِ مَا لَيْسَ لِي بِهِ عِلْمٌ وَأَنَا أَدْعُوكُمْ إِل...
علم,know/knowledge,4190,1,يَعْلَمُونَ,لَخَلْقُ السَّمَاوَاتِ وَالْأَرْضِ أَكْبَرُ مِنْ خَلْقِ النَّاسِ وَلَكِنَّ أَكْثَرَ النَّاسِ لَا يَع...
علم,know/knowledge,4203,1,يَعْلَمُونَ,الَّذِينَ كَذَّبُوا بِالْكِتَابِ وَبِمَا أَرْسَلْنَا بِهِ رُسُلَنَا <sel> فَسَوْفَ يَعْلَمُونَ
علم,know/knowledge,4216,1,الْعِلْمِ,فَلَمَّا جَاءَتْهُمْ رُسُلُهُم بِالْبَيِّنَاتِ فَرِحُوا بِمَا عِندَهُم مِّنَ الْعِلْمِ وَحَاقَ بِهِم...
علم,know/knowledge,4221,1,يَعْلَمُونَ,كِتَابٌ فُصِّلَتْ آيَاتُهُ قُرْآناً عَرَبِيّاً لِّقَوْمٍ يَعْلَمُونَ
علم,know/knowledge,4240,1,يَعْلَمُ,وَمَا كُنتُمْ تَسْتَتِرُونَ أَن يَشْهَدَ عَلَيْكُمْ سَمْعُكُمْ وَلَا أَبْصَارُكُمْ وَلَا جُلُودُكُمْ...
علم,know/knowledge,4265,2,"عِلْمُ, بِعِلْمِهِ",إِلَيْهِ يُرَدُّ عِلْمُ السَّاعَةِ <sel> وَمَا تَخْرُجُ مِن ثَمَرَاتٍ مِّنْ أَكْمَامِهَا وَمَا تَحْم...
علم,know/knowledge,4286,1,الْعِلْمُ,وَمَا تَفَرَّقُوا إِلَّا مِن بَعْدِ مَا جَاءَهُمُ الْعِلْمُ بَغْياً بَيْنَهُمْ <sel> وَلَوْلَا كَلِم...
علم,know/knowledge,4290,1,وَيَعْلَمُونَ,يَسْتَعْجِلُ بِهَا الَّذِينَ لَا يُؤْمِنُونَ بِهَا <sel> وَالَّذِينَ آمَنُوا مُشْفِقُونَ مِنْهَا وَي...
علم,know/knowledge,4297,1,وَيَعْلَمُ,وَهُوَ الَّذِي يَقْبَلُ التَّوْبَةَ عَنْ عِبَادِهِ وَيَعْفُو عَنِ السَّيِّئَاتِ وَيَعْلَمُ مَا تَفْع...
علم,know/knowledge,4307,1,وَيَعْلَمَ,وَيَعْلَمَ الَّذِينَ يُجَادِلُونَ فِي آيَاتِنَا مَا لَهُم مِّن مَّحِيصٍ
علم,know/knowledge,4345,1,عِلْمٍ,وَقَالُوا لَوْ شَاءَ الرَّحْمَنُ مَا عَبَدْنَاهُم <sel> مَّا لَهُم بِذَلِكَ مِنْ عِلْمٍ <sel> إِنْ ه...
علم,know/knowledge,4386,1,لَعِلْمٌ,وَإِنَّهُ لَعِلْمٌ لِّلسَّاعَةِ فَلَا تَمْتَرُنَّ بِهَا وَاتَّبِعُونِ <sel> هَذَا صِرَاطٌ مُّسْتَقِي...
علم,know/knowledge,4410,1,عِلْمُ,وَتَبَارَكَ الَّذِي لَهُ مُلْكُ السَّمَاوَاتِ وَالْأَرْضِ وَمَا بَيْنَهُمَا وَعِندَهُ عِلْمُ السَّاع...
علم,know/knowledge,4411,1,يَعْلَمُونَ,وَلَا يَمْلِكُ الَّذِينَ يَدْعُونَ مِن دُونِهِ الشَّفَاعَةَ إِلَّا مَن شَهِدَ بِالْحَقِّ وَهُمْ يَعْ...
علم,know/knowledge,4414,1,يَعْلَمُونَ,فَاصْفَحْ عَنْهُمْ وَقُلْ سَلَامٌ <sel> فَسَوْفَ يَعْلَمُونَ
علم,know/knowledge,4428,1,مُعَلَّمٌ,ثُمَّ تَوَلَّوْا عَنْهُ وَقَالُوا مُعَلَّمٌ مَّجْنُونٌ
علم,know/knowledge,4446,1,عِلْمٍ,وَلَقَدِ اخْتَرْنَاهُمْ عَلَى عِلْمٍ عَلَى الْعَالَمِينَ
علم,know/knowledge,4453,1,يَعْلَمُونَ,مَا خَلَقْنَاهُمَا إِلَّا بِالْحَقِّ وَلَكِنَّ أَكْثَرَهُمْ لَا يَعْلَمُونَ
علم,know/knowledge,4482,1,عَلِمَ,وَإِذَا عَلِمَ مِنْ آيَاتِنَا شَيْئاً اتَّخَذَهَا هُزُواً <sel> أُولَئِكَ لَهُمْ عَذَابٌ مُّهِينٌ
علم,know/knowledge,4490,1,الْعِلْمُ,وَآتَيْنَاهُم بَيِّنَاتٍ مِّنَ الْأَمْرِ <sel> فَمَا اخْتَلَفُوا إِلَّا مِن بَعْدِ مَا جَاءَهُمُ الْ...
علم,know/knowledge,4491,1,يَعْلَمُونَ,ثُمَّ جَعَلْنَاكَ عَلَى شَرِيعَةٍ مِّنَ الْأَمْرِ فَاتَّبِعْهَا وَلَا تَتَّبِعْ أَهْوَاءَ الَّذِينَ ...
علم,know/knowledge,4496,1,عِلْمٍ,أَفَرَأَيْتَ مَنِ اتَّخَذَ إِلَهَهُ هَوَاهُ وَأَضَلَّهُ اللَّهُ عَلَى عِلْمٍ وَخَتَمَ عَلَى سَمْعِهِ...
علم,know/knowledge,4497,1,عِلْمٍ,وَقَالُوا مَا هِيَ إِلَّا حَيَاتُنَا الدُّنْيَا نَمُوتُ وَنَحْيَا وَمَا يُهْلِكُنَا إِلَّا الدَّهْرُ...
علم,know/knowledge,4499,1,يَعْلَمُونَ,قُلِ اللَّهُ يُحْيِيكُمْ ثُمَّ يُمِيتُكُمْ ثُمَّ يَجْمَعُكُمْ إِلَى يَوْمِ الْقِيَامَةِ لَا رَيْبَ ف...
علم,know/knowledge,4514,1,عِلْمٍ,قُلْ أَرَأَيْتُم مَّا تَدْعُونَ مِن دُونِ اللَّهِ أَرُونِي مَاذَا خَلَقُوا مِنَ الْأَرْضِ أَمْ لَهُم...
علم,know/knowledge,4518,1,أَعْلَمُ,أَمْ يَقُولُونَ افْتَرَاهُ <sel> قُلْ إِنِ افْتَرَيْتُهُ فَلَا تَمْلِكُونَ لِي مِنَ اللَّهِ شَيْئاً ...
علم,know/knowledge,4533,1,الْعِلْمُ,قَالَ إِنَّمَا الْعِلْمُ عِندَ اللَّهِ وَأُبَلِّغُكُم مَّا أُرْسِلْتُ بِهِ وَلَكِنِّي أَرَاكُمْ قَوْ...
علم,know/knowledge,4561,1,الْعِلْمَ,وَمِنْهُم مَّن يَسْتَمِعُ إِلَيْكَ حَتَّى إِذَا خَرَجُوا مِنْ عِندِكَ قَالُوا لِلَّذِينَ أُوتُوا الْ...
علم,know/knowledge,4564,2,"فَاعْلَمْ, يَعْلَمُ",فَاعْلَمْ أَنَّهُ لَا إِلَهَ إِلَّا اللَّهُ وَاسْتَغْفِرْ لِذَنبِكَ وَلِلْمُؤْمِنِينَ وَالْمُؤْمِنَا...
علم,know/knowledge,4571,1,يَعْلَمُ,ذَلِكَ بِأَنَّهُمْ قَالُوا لِلَّذِينَ كَرِهُوا مَا نَزَّلَ اللَّهُ سَنُطِيعُكُمْ فِي بَعْضِ الْأَمْر...
علم,know/knowledge,4575,1,يَعْلَمُ,وَلَوْ نَشَاءُ لَأَرَيْنَاكَهُمْ فَلَعَرَفْتَهُم بِسِيمَاهُمْ <sel> وَلَتَعْرِفَنَّهُمْ فِي لَحْنِ ا...
علم,know/knowledge,4576,1,نَعْلَمَ,وَلَنَبْلُوَنَّكُمْ حَتَّى نَعْلَمَ الْمُجَاهِدِينَ مِنكُمْ وَالصَّابِرِينَ وَنَبْلُوَ أَخْبَارَكُمْ
علم,know/knowledge,4601,1,فَعَلِمَ,لَّقَدْ رَضِيَ اللَّهُ عَنِ الْمُؤْمِنِينَ إِذْ يُبَايِعُونَكَ تَحْتَ الشَّجَرَةِ فَعَلِمَ مَا فِي ق...
علم,know/knowledge,4608,2,"تَعْلَمُوهُمْ, عِلْمٍ",هُمُ الَّذِينَ كَفَرُوا وَصَدُّوكُمْ عَنِ الْمَسْجِدِ الْحَرَامِ وَالْهَدْيَ مَعْكُوفاً أَن يَبْلُغَ...
علم,know/knowledge,4610,2,"فَعَلِمَ, تَعْلَمُوا",لَّقَدْ صَدَقَ اللَّهُ رَسُولَهُ الرُّؤْيَا بِالْحَقِّ <sel> لَتَدْخُلُنَّ الْمَسْجِدَ الْحَرَامَ إِ...
علم,know/knowledge,4619,1,وَاعْلَمُوا,وَاعْلَمُوا أَنَّ فِيكُمْ رَسُولَ اللَّهِ <sel> لَوْ يُطِيعُكُمْ فِي كَثِيرٍ مِّنَ الْأَمْرِ لَعَنِت...
علم,know/knowledge,4628,2,"أَتُعَلِّمُونَ, يَعْلَمُ",قُلْ أَتُعَلِّمُونَ اللَّهَ بِدِينِكُمْ وَاللَّهُ يَعْلَمُ مَا فِي السَّمَاوَاتِ وَمَا فِي الْأَرْضِ...
علم,know/knowledge,4630,1,يَعْلَمُ,إِنَّ اللَّهَ يَعْلَمُ غَيْبَ السَّمَاوَاتِ وَالْأَرْضِ <sel> وَاللَّهُ بَصِيرٌ بِمَا تَعْمَلُونَ
علم,know/knowledge,4634,1,عَلِمْنَا,قَدْ عَلِمْنَا مَا تَنقُصُ الْأَرْضُ مِنْهُمْ <sel> وَعِندَنَا كِتَابٌ حَفِيظٌ
علم,know/knowledge,4646,1,وَنَعْلَمُ,وَلَقَدْ خَلَقْنَا الْإِنسَانَ وَنَعْلَمُ مَا تُوَسْوِسُ بِهِ نَفْسُهُ <sel> وَنَحْنُ أَقْرَبُ إِلَي...
علم,know/knowledge,4675,1,أَعْلَمُ,نَّحْنُ أَعْلَمُ بِمَا يَقُولُونَ <sel> وَمَا أَنتَ عَلَيْهِم بِجَبَّارٍ <sel> فَذَكِّرْ بِالْقُرْآن...
علم,know/knowledge,4782,1,يَعْلَمُونَ,وَإِنَّ لِلَّذِينَ ظَلَمُوا عَذَاباً دُونَ ذَلِكَ وَلَكِنَّ أَكْثَرَهُمْ لَا يَعْلَمُونَ
علم,know/knowledge,4789,1,عَلَّمَهُ,عَلَّمَهُ شَدِيدُ الْقُوَى
علم,know/knowledge,4812,1,عِلْمٍ,وَمَا لَهُم بِهِ مِنْ عِلْمٍ <sel> إِن يَتَّبِعُونَ إِلَّا الظَّنَّ <sel> وَإِنَّ الظَّنَّ لَا يُغْن...
علم,know/knowledge,4814,3,"الْعِلْمِ, أَعْلَمُ, أَعْلَمُ",ذَلِكَ مَبْلَغُهُم مِّنَ الْعِلْمِ <sel> إِنَّ رَبَّكَ هُوَ أَعْلَمُ بِمَن ضَلَّ عَن سَبِيلِهِ وَهُو...
علم,know/knowledge,4816,2,"أَعْلَمُ, أَعْلَمُ",الَّذِينَ يَجْتَنِبُونَ كَبَائِرَ الْإِثْمِ وَالْفَوَاحِشَ إِلَّا اللَّمَمَ <sel> إِنَّ رَبَّكَ وَاس...
علم,know/knowledge,4819,1,عِلْمُ,أَعِندَهُ عِلْمُ الْغَيْبِ فَهُوَ يَرَى
علم,know/knowledge,4872,1,سَيَعْلَمُونَ,سَيَعْلَمُونَ غَداً مَّنِ الْكَذَّابُ الْأَشِرُ
علم,know/knowledge,4903,1,عَلَّمَ,عَلَّمَ الْقُرْآنَ
علم,know/knowledge,4905,1,عَلَّمَهُ,عَلَّمَهُ الْبَيَانَ
علم,know/knowledge,5040,1,تَعْلَمُونَ,عَلَى أَن نُّبَدِّلَ أَمْثَالَكُمْ وَنُنشِئَكُمْ فِي مَا لَا تَعْلَمُونَ
علم,know/knowledge,5041,1,عَلِمْتُمُ,وَلَقَدْ عَلِمْتُمُ النَّشْأَةَ الْأُولَى فَلَوْلَا تَذَكَّرُونَ
علم,know/knowledge,5055,1,تَعْلَمُونَ,وَإِنَّهُ لَقَسَمٌ لَّوْ تَعْلَمُونَ عَظِيمٌ
علم,know/knowledge,5079,1,يَعْلَمُ,هُوَ الَّذِي خَلَقَ السَّمَاوَاتِ وَالْأَرْضَ فِي سِتَّةِ أَيَّامٍ ثُمَّ اسْتَوَى عَلَى الْعَرْشِ <s...
علم,know/knowledge,5092,1,اعْلَمُوا,اعْلَمُوا أَنَّ اللَّهَ يُحْيِي الْأَرْضَ بَعْدَ مَوْتِهَا <sel> قَدْ بَيَّنَّا لَكُمُ الْآيَاتِ لَع...
علم,know/knowledge,5095,1,اعْلَمُوا,اعْلَمُوا أَنَّمَا الْحَيَاةُ الدُّنْيَا لَعِبٌ وَلَهْوٌ وَزِينَةٌ وَتَفَاخُرٌ بَيْنَكُمْ وَتَكَاثُر...
علم,know/knowledge,5100,1,وَلِيَعْلَمَ,لَقَدْ أَرْسَلْنَا رُسُلَنَا بِالْبَيِّنَاتِ وَأَنزَلْنَا مَعَهُمُ الْكِتَابَ وَالْمِيزَانَ لِيَقُوم...
علم,know/knowledge,5104,1,يَعْلَمَ,لِّئَلَّا يَعْلَمَ أَهْلُ الْكِتَابِ أَلَّا يَقْدِرُونَ عَلَى شَيْءٍ مِّن فَضْلِ اللَّهِ وَأَنَّ الْ...
علم,know/knowledge,5111,1,يَعْلَمُ,أَلَمْ تَرَ أَنَّ اللَّهَ يَعْلَمُ مَا فِي السَّمَاوَاتِ وَمَا فِي الْأَرْضِ <sel> مَا يَكُونُ مِن ن...
علم,know/knowledge,5115,1,الْعِلْمَ,يَا أَيُّهَا الَّذِينَ آمَنُوا إِذَا قِيلَ لَكُمْ تَفَسَّحُوا فِي الْمَجَالِسِ فَافْسَحُوا يَفْسَحِ ...
علم,know/knowledge,5118,1,يَعْلَمُونَ,أَلَمْ تَرَ إِلَى الَّذِينَ تَوَلَّوْا قَوْماً غَضِبَ اللَّهُ عَلَيْهِم مَّا هُم مِّنكُمْ وَلَا مِنْ...
علم,know/knowledge,5151,1,أَعْلَمُ,بِسْمِ اللَّهِ الرَّحْمَنِ الرَّحِيمِ يَا أَيُّهَا الَّذِينَ آمَنُوا لَا تَتَّخِذُوا عَدُوِّي وَعَدُ...
علم,know/knowledge,5160,2,"أَعْلَمُ, عَلِمْتُمُوهُنَّ",يَا أَيُّهَا الَّذِينَ آمَنُوا إِذَا جَاءَكُمُ الْمُؤْمِنَاتُ مُهَاجِرَاتٍ فَامْتَحِنُوهُنَّ <sel> ا...
علم,know/knowledge,5168,1,تَّعْلَمُونَ,وَإِذْ قَالَ مُوسَى لِقَوْمِهِ يَا قَوْمِ لِمَ تُؤْذُونَنِي وَقَد تَّعْلَمُونَ أَنِّي رَسُولُ اللَّه...
علم,know/knowledge,5174,1,تَعْلَمُونَ,تُؤْمِنُونَ بِاللَّهِ وَرَسُولِهِ وَتُجَاهِدُونَ فِي سَبِيلِ اللَّهِ بِأَمْوَالِكُمْ وَأَنفُسِكُمْ <...
علم,know/knowledge,5179,1,وَيُعَلِّمُهُمُ,هُوَ الَّذِي بَعَثَ فِي الْأُمِّيِّينَ رَسُولاً مِّنْهُمْ يَتْلُو عَلَيْهِمْ آيَاتِهِ وَيُزَكِّيهِمْ...
علم,know/knowledge,5186,1,تَعْلَمُونَ,يَا أَيُّهَا الَّذِينَ آمَنُوا إِذَا نُودِيَ لِلصَّلَاةِ مِن يَوْمِ الْجُمُعَةِ فَاسْعَوْا إِلَى ذِك...
علم,know/knowledge,5189,1,يَعْلَمُ,بِسْمِ اللَّهِ الرَّحْمَنِ الرَّحِيمِ إِذَا جَاءَكَ الْمُنَافِقُونَ قَالُوا نَشْهَدُ إِنَّكَ لَرَسُو...
علم,know/knowledge,5196,1,يَعْلَمُونَ,يَقُولُونَ لَئِن رَّجَعْنَا إِلَى الْمَدِينَةِ لَيُخْرِجَنَّ الْأَعَزُّ مِنْهَا الْأَذَلَّ <sel> وَل...
علم,know/knowledge,5203,2,"يَعْلَمُ, وَيَعْلَمُ",يَعْلَمُ مَا فِي السَّمَاوَاتِ وَالْأَرْضِ وَيَعْلَمُ مَا تُسِرُّونَ وَمَا تُعْلِنُونَ <sel> وَاللَّ...
علم,know/knowledge,5229,2,"لِتَعْلَمُوا, عِلْماً",اللَّهُ الَّذِي خَلَقَ سَبْعَ سَمَاوَاتٍ وَمِنَ الْأَرْضِ مِثْلَهُنَّ يَتَنَزَّلُ الْأَمْرُ بَيْنَهُ...
علم,know/knowledge,5255,1,يَعْلَمُ,أَلَا يَعْلَمُ مَنْ خَلَقَ وَهُوَ اللَّطِيفُ الْخَبِيرُ
علم,know/knowledge,5258,1,فَسَتَعْلَمُونَ,أَمْ أَمِنتُم مَّن فِي السَّمَاءِ أَن يُرْسِلَ عَلَيْكُمْ حَاصِباً <sel> فَسَتَعْلَمُونَ كَيْفَ نَذِ...
علم,know/knowledge,5267,1,الْعِلْمُ,قُلْ إِنَّمَا الْعِلْمُ عِندَ اللَّهِ وَإِنَّمَا أَنَا نَذِيرٌ مُّبِينٌ
علم,know/knowledge,5270,1,فَسَتَعْلَمُونَ,قُلْ هُوَ الرَّحْمَنُ آمَنَّا بِهِ وَعَلَيْهِ تَوَكَّلْنَا <sel> فَسَتَعْلَمُونَ مَنْ هُوَ فِي ضَلَا...
علم,know/knowledge,5278,2,"أَعْلَمُ, أَعْلَمُ",إِنَّ رَبَّكَ هُوَ أَعْلَمُ بِمَن ضَلَّ عَن سَبِيلِهِ وَهُوَ أَعْلَمُ بِالْمُهْتَدِينَ
علم,know/knowledge,5304,1,يَعْلَمُونَ,كَذَلِكَ الْعَذَابُ <sel> وَلَعَذَابُ الْآخِرَةِ أَكْبَرُ <sel> لَوْ كَانُوا يَعْلَمُونَ
علم,know/knowledge,5315,1,يَعْلَمُونَ,فَذَرْنِي وَمَن يُكَذِّبُ بِهَذَا الْحَدِيثِ <sel> سَنَسْتَدْرِجُهُم مِّنْ حَيْثُ لَا يَعْلَمُونَ
علم,know/knowledge,5372,1,لَنَعْلَمُ,وَإِنَّا لَنَعْلَمُ أَنَّ مِنكُم مُّكَذِّبِينَ
علم,know/knowledge,5414,1,يَعْلَمُونَ,كَلَّا <sel> إِنَّا خَلَقْنَاهُم مِّمَّا يَعْلَمُونَ
علم,know/knowledge,5423,1,تَعْلَمُونَ,يَغْفِرْ لَكُم مِّن ذُنُوبِكُمْ وَيُؤَخِّرْكُمْ إِلَى أَجَلٍ مُّسَمًّى <sel> إِنَّ أَجَلَ اللَّهِ إِ...
علم,know/knowledge,5471,1,فَسَيَعْلَمُونَ,حَتَّى إِذَا رَأَوْا مَا يُوعَدُونَ فَسَيَعْلَمُونَ مَنْ أَضْعَفُ نَاصِراً وَأَقَلُّ عَدَداً
علم,know/knowledge,5475,1,لِّيَعْلَمَ,لِّيَعْلَمَ أَن قَدْ أَبْلَغُوا رِسَالَاتِ رَبِّهِمْ وَأَحَاطَ بِمَا لَدَيْهِمْ وَأَحْصَى كُلَّ شَيْ...
علم,know/knowledge,5495,3,"يَعْلَمُ, عَلِمَ, عَلِمَ",إِنَّ رَبَّكَ يَعْلَمُ أَنَّكَ تَقُومُ أَدْنَى مِن ثُلُثَيِ اللَّيْلِ وَنِصْفَهُ وَثُلُثَهُ وَطَائِف...
علم,know/knowledge,5526,1,يَعْلَمُ,وَمَا جَعَلْنَا أَصْحَابَ النَّارِ إِلَّا مَلَائِكَةً وَمَا جَعَلْنَا عِدَّتَهُمْ إِلَّا فِتْنَةً لّ...
علم,know/knowledge,5676,1,سَيَعْلَمُونَ,كَلَّا سَيَعْلَمُونَ
علم,know/knowledge,5677,1,سَيَعْلَمُونَ,ثُمَّ كَلَّا سَيَعْلَمُونَ
علم,know/knowledge,5814,1,عَلِمَتْ,عَلِمَتْ نَفْسٌ مَّا أَحْضَرَتْ
علم,know/knowledge,5834,1,عَلِمَتْ,عَلِمَتْ نَفْسٌ مَّا قَدَّمَتْ وَأَخَّرَتْ
علم,know/knowledge,5841,1,يَعْلَمُونَ,يَعْلَمُونَ مَا تَفْعَلُونَ
علم,know/knowledge,5907,1,أَعْلَمُ,وَاللَّهُ أَعْلَمُ بِمَا يُوعُونَ
علم,know/knowledge,5955,1,يَعْلَمُ,إِلَّا مَا شَاءَ اللَّهُ <sel> إِنَّهُ يَعْلَمُ الْجَهْرَ وَمَا يَخْفَى
علم,know/knowledge,6110,1,عَلَّمَ,الَّذِي عَلَّمَ بِالْقَلَمِ
علم,know/knowledge,6111,2,"عَلَّمَ, يَعْلَمْ",عَلَّمَ الْإِنسَانَ مَا لَمْ يَعْلَمْ
علم,know/knowledge,6120,1,يَعْلَم,أَلَمْ يَعْلَم بِأَنَّ اللَّهَ يَرَى
علم,know/knowledge,6155,1,يَعْلَمُ,أَفَلَا يَعْلَمُ إِذَا بُعْثِرَ مَا فِي الْقُبُورِ
علم,know/knowledge,6171,1,تَعْلَمُونَ,كَلَّا سَوْفَ تَعْلَمُونَ
علم,know/knowledge,6172,1,تَعْلَمُونَ,ثُمَّ كَلَّا سَوْفَ تَعْلَمُونَ
علم,know/knowledge,6173,2,"تَعْلَمُونَ, عِلْمَ",كَلَّا لَوْ تَعْلَمُونَ عِلْمَ الْيَقِينِ
وعي,aware/conscious,143,1,وَعِيسَى,قُولُوا آمَنَّا بِاللَّهِ وَمَا أُنزِلَ إِلَيْنَا وَمَا أُنزِلَ إِلَى إِبْرَاهِيمَ وَإِسْمَاعِيلَ وَ...
وعي,aware/conscious,377,1,وَعِيسَى,قُلْ آمَنَّا بِاللَّهِ وَمَا أُنزِلَ عَلَيْنَا وَمَا أُنزِلَ عَلَى إِبْرَاهِيمَ وَإِسْمَاعِيلَ وَإِس...
وعي,aware/conscious,656,1,وَعِيسَى,إِنَّا أَوْحَيْنَا إِلَيْكَ كَمَا أَوْحَيْنَا إِلَى نُوحٍ وَالنَّبِيِّينَ مِن بَعْدِهِ <sel> وَأَوْح...
وعي,aware/conscious,747,1,وَعِيسَى,لُعِنَ الَّذِينَ كَفَرُوا مِن بَنِي إِسْرَائِيلَ عَلَى لِسَانِ دَاوُودَ وَعِيسَى ابْنِ مَرْيَمَ <sel...
وعي,aware/conscious,874,1,وَعِيسَى,وَزَكَرِيَّا وَيَحْيَى وَعِيسَى وَإِلْيَاسَ <sel> كُلٌّ مِّنَ الصَّالِحِينَ
وعي,aware/conscious,1314,1,الْمُطَّوِّعِينَ,الَّذِينَ يَلْمِزُونَ الْمُطَّوِّعِينَ مِنَ الْمُؤْمِنِينَ فِي الصَّدَقَاتِ وَالَّذِينَ لَا يَجِدُون...
وعي,aware/conscious,1672,1,بِأَوْعِيَتِهِمْ,فَبَدَأَ بِأَوْعِيَتِهِمْ قَبْلَ وِعَاءِ أَخِيهِ ثُمَّ اسْتَخْرَجَهَا مِن وِعَاءِ أَخِيهِ <sel> كَذَ...
وعي,aware/conscious,1764,1,وَعِيدِ,وَلَنُسْكِنَنَّكُمُ الْأَرْضَ مِن بَعْدِهِمْ <sel> ذَلِكَ لِمَنْ خَافَ مَقَامِي وَخَافَ وَعِيدِ
وعي,aware/conscious,1847,1,وَعُيُونٍ,إِنَّ الْمُتَّقِينَ فِي جَنَّاتٍ وَعُيُونٍ
وعي,aware/conscious,2461,1,الْوَعِيدِ,وَكَذَلِكَ أَنزَلْنَاهُ قُرْآناً عَرَبِيّاً وَصَرَّفْنَا فِيهِ مِنَ الْوَعِيدِ لَعَلَّهُمْ يَتَّقُون...
وعي,aware/conscious,2989,1,وَعُيُونٍ,فَأَخْرَجْنَاهُم مِّن جَنَّاتٍ وَعُيُونٍ
وعي,aware/conscious,3066,1,وَعُيُونٍ,وَجَنَّاتٍ وَعُيُونٍ
وعي,aware/conscious,3079,1,وَعُيُونٍ,فِي جَنَّاتٍ وَعُيُونٍ
وعي,aware/conscious,3540,1,وَعِيسَى,وَإِذْ أَخَذْنَا مِنَ النَّبِيِّينَ مِيثَاقَهُمْ وَمِنكَ وَمِن نُّوحٍ وَإِبْرَاهِيمَ وَمُوسَى وَعِيس...
وعي,aware/conscious,4285,1,وَعِيسَى,شَرَعَ لَكُم مِّنَ الدِّينِ مَا وَصَّى بِهِ نُوحاً وَالَّذِي أَوْحَيْنَا إِلَيْكَ وَمَا وَصَّيْنَا ب...
وعي,aware/conscious,4439,1,وَعُيُونٍ,كَمْ تَرَكُوا مِن جَنَّاتٍ وَعُيُونٍ
وعي,aware/conscious,4466,1,وَعُيُونٍ,فِي جَنَّاتٍ وَعُيُونٍ
وعي,aware/conscious,4644,1,وَعِيدِ,وَأَصْحَابُ الْأَيْكَةِ وَقَوْمُ تُبَّعٍ <sel> كُلٌّ كَذَّبَ الرُّسُلَ فَحَقَّ وَعِيدِ
وعي,aware/conscious,4650,1,الْوَعِيدِ,وَنُفِخَ فِي الصُّورِ <sel> ذَلِكَ يَوْمُ الْوَعِيدِ
وعي,aware/conscious,4658,1,بِالْوَعِيدِ,قَالَ لَا تَخْتَصِمُوا لَدَيَّ وَقَدْ قَدَّمْتُ إِلَيْكُم بِالْوَعِيدِ
وعي,aware/conscious,4675,1,وَعِيدِ,نَّحْنُ أَعْلَمُ بِمَا يَقُولُونَ <sel> وَمَا أَنتَ عَلَيْهِم بِجَبَّارٍ <sel> فَذَكِّرْ بِالْقُرْآن...
وعي,aware/conscious,4690,1,وَعُيُونٍ,إِنَّ الْمُتَّقِينَ فِي جَنَّاتٍ وَعُيُونٍ
وعي,aware/conscious,5663,1,وَعُيُونٍ,إِنَّ الْمُتَّقِينَ فِي ظِلَالٍ وَعُيُونٍ
بصر,see/perceive/insight,24,1,يُبْصِرُونَ,مَثَلُهُمْ كَمَثَلِ الَّذِي اسْتَوْقَدَ نَاراً فَلَمَّا أَضَاءَتْ مَا حَوْلَهُ ذَهَبَ اللَّهُ بِنُور...
بصر,see/perceive/insight,893,1,أَبْصَرَ,قَدْ جَاءَكُم بَصَائِرُ مِن رَّبِّكُمْ <sel> فَمَنْ أَبْصَرَ فَلِنَفْسِهِ <sel> وَمَنْ عَمِيَ فَعَلَ...
بصر,see/perceive/insight,1133,1,يُبْصِرُونَ,وَلَقَدْ ذَرَأْنَا لِجَهَنَّمَ كَثِيراً مِّنَ الْجِنِّ وَالْإِنسِ <sel> لَهُمْ قُلُوبٌ لَّا يَفْقَهُ...
بصر,see/perceive/insight,1149,1,يُبْصِرُونَ,أَلَهُمْ أَرْجُلٌ يَمْشُونَ بِهَا <sel> أَمْ لَهُمْ أَيْدٍ يَبْطِشُونَ بِهَا <sel> أَمْ لَهُمْ أَعْي...
بصر,see/perceive/insight,1152,1,يُبْصِرُونَ,وَإِن تَدْعُوهُمْ إِلَى الْهُدَى لَا يَسْمَعُوا <sel> وَتَرَاهُمْ يَنظُرُونَ إِلَيْكَ وَهُمْ لَا يُب...
بصر,see/perceive/insight,1155,1,مُّبْصِرُونَ,إِنَّ الَّذِينَ اتَّقَوْا إِذَا مَسَّهُمْ طَائِفٌ مِّنَ الشَّيْطَانِ تَذَكَّرُوا فَإِذَا هُم مُّبْصِ...
بصر,see/perceive/insight,1407,1,يُبْصِرُونَ,وَمِنْهُم مَّن يَنظُرُ إِلَيْكَ <sel> أَفَأَنتَ تَهْدِي الْعُمْيَ وَلَوْ كَانُوا لَا يُبْصِرُونَ
بصر,see/perceive/insight,1431,1,مُبْصِراً,هُوَ الَّذِي جَعَلَ لَكُمُ اللَّيْلَ لِتَسْكُنُوا فِيهِ وَالنَّهَارَ مُبْصِراً <sel> إِنَّ فِي ذَلِك...
بصر,see/perceive/insight,1493,1,يُبْصِرُونَ,أُولَئِكَ لَمْ يَكُونُوا مُعْجِزِينَ فِي الْأَرْضِ وَمَا كَانَ لَهُم مِّن دُونِ اللَّهِ مِنْ أَوْلِي...
بصر,see/perceive/insight,1978,1,الْبَصَرِ,وَلِلَّهِ غَيْبُ السَّمَاوَاتِ وَالْأَرْضِ <sel> وَمَا أَمْرُ السَّاعَةِ إِلَّا كَلَمْحِ الْبَصَرِ أ...
بصر,see/perceive/insight,2041,1,مُبْصِرَةً,وَجَعَلْنَا اللَّيْلَ وَالنَّهَارَ آيَتَيْنِ <sel> فَمَحَوْنَا آيَةَ اللَّيْلِ وَجَعَلْنَا آيَةَ الن...
بصر,see/perceive/insight,2065,1,وَالْبَصَرَ,وَلَا تَقْفُ مَا لَيْسَ لَكَ بِهِ عِلْمٌ <sel> إِنَّ السَّمْعَ وَالْبَصَرَ وَالْفُؤَادَ كُلُّ أُولَئ...
بصر,see/perceive/insight,2088,1,مُبْصِرَةً,وَمَا مَنَعَنَا أَن نُّرْسِلَ بِالْآيَاتِ إِلَّا أَن كَذَّبَ بِهَا الْأَوَّلُونَ <sel> وَآتَيْنَا ثَ...
بصر,see/perceive/insight,2166,1,أَبْصِرْ,قُلِ اللَّهُ أَعْلَمُ بِمَا لَبِثُوا <sel> لَهُ غَيْبُ السَّمَاوَاتِ وَالْأَرْضِ <sel> أَبْصِرْ بِهِ...
بصر,see/perceive/insight,2288,1,وَأَبْصِرْ,أَسْمِعْ بِهِمْ وَأَبْصِرْ يَوْمَ يَأْتُونَنَا <sel> لَكِنِ الظَّالِمُونَ الْيَوْمَ فِي ضَلَالٍ مُّب...
بصر,see/perceive/insight,2292,1,يُبْصِرُ,إِذْ قَالَ لِأَبِيهِ يَا أَبَتِ لِمَ تَعْبُدُ مَا لَا يَسْمَعُ وَلَا يُبْصِرُ وَلَا يُغْنِي عَنكَ شَ...
بصر,see/perceive/insight,2444,2,"بَصُرْتُ, يَبْصُرُوا",قَالَ بَصُرْتُ بِمَا لَمْ يَبْصُرُوا بِهِ فَقَبَضْتُ قَبْضَةً مِّنْ أَثَرِ الرَّسُولِ فَنَبَذْتُهَا ...
بصر,see/perceive/insight,2486,1,تُبْصِرُونَ,لَاهِيَةً قُلُوبُهُمْ <sel> وَأَسَرُّوا النَّجْوَى الَّذِينَ ظَلَمُوا هَلْ هَذَا إِلَّا بَشَرٌ مِّثْ...
بصر,see/perceive/insight,3172,1,مُبْصِرَةً,فَلَمَّا جَاءَتْهُمْ آيَاتُنَا مُبْصِرَةً قَالُوا هَذَا سِحْرٌ مُّبِينٌ
بصر,see/perceive/insight,3213,1,تُبْصِرُونَ,وَلُوطاً إِذْ قَالَ لِقَوْمِهِ أَتَأْتُونَ الْفَاحِشَةَ وَأَنتُمْ تُبْصِرُونَ
بصر,see/perceive/insight,3245,1,مُبْصِراً,أَلَمْ يَرَوْا أَنَّا جَعَلْنَا اللَّيْلَ لِيَسْكُنُوا فِيهِ وَالنَّهَارَ مُبْصِراً <sel> إِنَّ فِي ...
بصر,see/perceive/insight,3263,1,فَبَصُرَتْ,وَقَالَتْ لِأُخْتِهِ قُصِّيهِ <sel> فَبَصُرَتْ بِهِ عَن جُنُبٍ وَهُمْ لَا يَشْعُرُونَ
بصر,see/perceive/insight,3324,1,تُبْصِرُونَ,قُلْ أَرَأَيْتُمْ إِن جَعَلَ اللَّهُ عَلَيْكُمُ النَّهَارَ سَرْمَداً إِلَى يَوْمِ الْقِيَامَةِ مَنْ ...
بصر,see/perceive/insight,3378,1,مُسْتَبْصِرِينَ,وَعَاداً وَثَمُودَ وَقَد تَّبَيَّنَ لَكُم مِّن مَّسَاكِنِهِمْ <sel> وَزَيَّنَ لَهُمُ الشَّيْطَانُ أَ...
بصر,see/perceive/insight,3515,1,أَبْصَرْنَا,وَلَوْ تَرَى إِذِ الْمُجْرِمُونَ نَاكِسُو رُءُوسِهِمْ عِندَ رَبِّهِمْ رَبَّنَا أَبْصَرْنَا وَسَمِعْن...
بصر,see/perceive/insight,3530,1,يُبْصِرُونَ,أَوَلَمْ يَرَوْا أَنَّا نَسُوقُ الْمَاءَ إِلَى الْأَرْضِ الْجُرُزِ فَنُخْرِجُ بِهِ زَرْعاً تَأْكُلُ ...
بصر,see/perceive/insight,3714,1,يُبْصِرُونَ,وَجَعَلْنَا مِن بَيْنِ أَيْدِيهِمْ سَدّاً وَمِنْ خَلْفِهِمْ سَدّاً فَأَغْشَيْنَاهُمْ فَهُمْ لَا يُبْ...
بصر,see/perceive/insight,3771,1,يُبْصِرُونَ,وَلَوْ نَشَاءُ لَطَمَسْنَا عَلَى أَعْيُنِهِمْ فَاسْتَبَقُوا الصِّرَاطَ فَأَنَّى يُبْصِرُونَ
بصر,see/perceive/insight,3963,2,"وَأَبْصِرْهُمْ, يُبْصِرُونَ",وَأَبْصِرْهُمْ فَسَوْفَ يُبْصِرُونَ
بصر,see/perceive/insight,3967,2,"وَأَبْصِرْ, يُبْصِرُونَ",وَأَبْصِرْ فَسَوْفَ يُبْصِرُونَ
بصر,see/perceive/insight,4194,1,مُبْصِراً,اللَّهُ الَّذِي جَعَلَ لَكُمُ اللَّيْلَ لِتَسْكُنُوا فِيهِ وَالنَّهَارَ مُبْصِراً <sel> إِنَّ اللَّه...
بصر,see/perceive/insight,4376,1,تُبْصِرُونَ,وَنَادَى فِرْعَوْنُ فِي قَوْمِهِ قَالَ يَا قَوْمِ أَلَيْسَ لِي مُلْكُ مِصْرَ وَهَذِهِ الْأَنْهَارُ ت...
بصر,see/perceive/insight,4496,1,بَصَرِهِ,أَفَرَأَيْتَ مَنِ اتَّخَذَ إِلَهَهُ هَوَاهُ وَأَضَلَّهُ اللَّهُ عَلَى عِلْمٍ وَخَتَمَ عَلَى سَمْعِهِ...
بصر,see/perceive/insight,4638,1,تَبْصِرَةً,تَبْصِرَةً وَذِكْرَى لِكُلِّ عَبْدٍ مُّنِيبٍ
بصر,see/perceive/insight,4652,1,فَبَصَرُكَ,لَّقَدْ كُنتَ فِي غَفْلَةٍ مِّنْ هَذَا فَكَشَفْنَا عَنكَ غِطَاءَكَ فَبَصَرُكَ الْيَوْمَ حَدِيدٌ
بصر,see/perceive/insight,4696,1,تُبْصِرُونَ,وَفِي أَنفُسِكُمْ <sel> أَفَلَا تُبْصِرُونَ
بصر,see/perceive/insight,4750,1,تُبْصِرُونَ,أَفَسِحْرٌ هَذَا أَمْ أَنتُمْ لَا تُبْصِرُونَ
بصر,see/perceive/insight,4801,1,الْبَصَرُ,مَا زَاغَ الْبَصَرُ وَمَا طَغَى
بصر,see/perceive/insight,4896,1,بِالْبَصَرِ,وَمَا أَمْرُنَا إِلَّا وَاحِدَةٌ كَلَمْحٍ بِالْبَصَرِ
بصر,see/perceive/insight,5064,1,تُبْصِرُونَ,وَنَحْنُ أَقْرَبُ إِلَيْهِ مِنكُمْ وَلَكِن لَّا تُبْصِرُونَ
بصر,see/perceive/insight,5244,1,الْبَصَرَ,الَّذِي خَلَقَ سَبْعَ سَمَاوَاتٍ طِبَاقاً <sel> مَّا تَرَى فِي خَلْقِ الرَّحْمَنِ مِن تَفَاوُتٍ <sel...
بصر,see/perceive/insight,5245,2,"الْبَصَرَ, الْبَصَرُ",ثُمَّ ارْجِعِ الْبَصَرَ كَرَّتَيْنِ يَنقَلِبْ إِلَيْكَ الْبَصَرُ خَاسِئاً وَهُوَ حَسِيرٌ
بصر,see/perceive/insight,5276,2,"فَسَتُبْصِرُ, وَيُبْصِرُونَ",فَسَتُبْصِرُ وَيُبْصِرُونَ
بصر,see/perceive/insight,5361,1,تُبْصِرُونَ,فَلَا أُقْسِمُ بِمَا تُبْصِرُونَ
بصر,see/perceive/insight,5362,1,تُبْصِرُونَ,وَمَا لَا تُبْصِرُونَ
بصر,see/perceive/insight,5386,1,يُبَصَّرُونَهُمْ,يُبَصَّرُونَهُمْ <sel> يَوَدُّ الْمُجْرِمُ لَوْ يَفْتَدِي مِنْ عَذَابِ يَوْمِئِذٍ بِبَنِيهِ
بصر,see/perceive/insight,5558,1,الْبَصَرُ,فَإِذَا بَرِقَ الْبَصَرُ
نظر,observe/look/contemplate,57,1,تَنظُرُونَ,وَإِذْ فَرَقْنَا بِكُمُ الْبَحْرَ فَأَنجَيْنَاكُمْ وَأَغْرَقْنَا آلَ فِرْعَوْنَ وَأَنتُمْ تَنظُرُونَ
نظر,observe/look/contemplate,62,1,تَنظُرُونَ,وَإِذْ قُلْتُمْ يَا مُوسَى لَن نُّؤْمِنَ لَكَ حَتَّى نَرَى اللَّهَ جَهْرَةً فَأَخَذَتْكُمُ الصَّاعِق...
نظر,observe/look/contemplate,111,1,انظُرْنَا,يَا أَيُّهَا الَّذِينَ آمَنُوا لَا تَقُولُوا رَاعِنَا وَقُولُوا انظُرْنَا وَاسْمَعُوا <sel> وَلِلْكَ...
نظر,observe/look/contemplate,169,1,يُنظَرُونَ,خَالِدِينَ فِيهَا <sel> لَا يُخَفَّفُ عَنْهُمُ الْعَذَابُ وَلَا هُمْ يُنظَرُونَ
نظر,observe/look/contemplate,217,1,يَنظُرُونَ,هَلْ يَنظُرُونَ إِلَّا أَن يَأْتِيَهُمُ اللَّهُ فِي ظُلَلٍ مِّنَ الْغَمَامِ وَالْمَلَائِكَةُ وَقُضِي...
نظر,observe/look/contemplate,266,3,"فَانظُرْ, وَانظُرْ, وَانظُرْ",أَوْ كَالَّذِي مَرَّ عَلَى قَرْيَةٍ وَهِيَ خَاوِيَةٌ عَلَى عُرُوشِهَا قَالَ أَنَّى يُحْيِي هَذِهِ ال...
نظر,observe/look/contemplate,287,1,فَنَظِرَةٌ,وَإِن كَانَ ذُو عُسْرَةٍ فَنَظِرَةٌ إِلَى مَيْسَرَةٍ <sel> وَأَن تَصَدَّقُوا خَيْرٌ لَّكُمْ <sel> إِ...
نظر,observe/look/contemplate,370,1,يَنظُرُ,إِنَّ الَّذِينَ يَشْتَرُونَ بِعَهْدِ اللَّهِ وَأَيْمَانِهِمْ ثَمَناً قَلِيلاً أُولَئِكَ لَا خَلَاقَ ...
نظر,observe/look/contemplate,381,1,يُنظَرُونَ,خَالِدِينَ فِيهَا لَا يُخَفَّفُ عَنْهُمُ الْعَذَابُ وَلَا هُمْ يُنظَرُونَ
نظر,observe/look/contemplate,430,1,فَانظُرُوا,قَدْ خَلَتْ مِن قَبْلِكُمْ سُنَنٌ فَسِيرُوا فِي الْأَرْضِ فَانظُرُوا كَيْفَ كَانَ عَاقِبَةُ الْمُكَذ...
نظر,observe/look/contemplate,436,1,تَنظُرُونَ,وَلَقَدْ كُنتُمْ تَمَنَّوْنَ الْمَوْتَ مِن قَبْلِ أَن تَلْقَوْهُ فَقَدْ رَأَيْتُمُوهُ وَأَنتُمْ تَنظ...
نظر,observe/look/contemplate,539,1,وَانظُرْنَا,مِّنَ الَّذِينَ هَادُوا يُحَرِّفُونَ الْكَلِمَ عَن مَّوَاضِعِهِ وَيَقُولُونَ سَمِعْنَا وَعَصَيْنَا و...
نظر,observe/look/contemplate,543,1,انظُرْ,انظُرْ كَيْفَ يَفْتَرُونَ عَلَى اللَّهِ الْكَذِبَ <sel> وَكَفَى بِهِ إِثْماً مُّبِيناً
نظر,observe/look/contemplate,744,2,"انظُرْ, انظُرْ",مَّا الْمَسِيحُ ابْنُ مَرْيَمَ إِلَّا رَسُولٌ قَدْ خَلَتْ مِن قَبْلِهِ الرُّسُلُ وَأُمُّهُ صِدِّيقَة...
نظر,observe/look/contemplate,797,1,يُنظَرُونَ,وَقَالُوا لَوْلَا أُنزِلَ عَلَيْهِ مَلَكٌ <sel> وَلَوْ أَنزَلْنَا مَلَكاً لَّقُضِيَ الْأَمْرُ ثُمَّ ...
نظر,observe/look/contemplate,800,1,انظُرُوا,قُلْ سِيرُوا فِي الْأَرْضِ ثُمَّ انظُرُوا كَيْفَ كَانَ عَاقِبَةُ الْمُكَذِّبِينَ
نظر,observe/look/contemplate,813,1,انظُرْ,انظُرْ كَيْفَ كَذَبُوا عَلَى أَنفُسِهِمْ <sel> وَضَلَّ عَنْهُم مَّا كَانُوا يَفْتَرُونَ
نظر,observe/look/contemplate,835,1,انظُرْ,قُلْ أَرَأَيْتُمْ إِنْ أَخَذَ اللَّهُ سَمْعَكُمْ وَأَبْصَارَكُمْ وَخَتَمَ عَلَى قُلُوبِكُم مَّنْ إِل...
نظر,observe/look/contemplate,854,1,انظُرْ,قُلْ هُوَ الْقَادِرُ عَلَى أَن يَبْعَثَ عَلَيْكُمْ عَذَاباً مِّن فَوْقِكُمْ أَوْ مِن تَحْتِ أَرْجُلِ...
نظر,observe/look/contemplate,888,1,انظُرُوا,وَهُوَ الَّذِي أَنزَلَ مِنَ السَّمَاءِ مَاءً فَأَخْرَجْنَا بِهِ نَبَاتَ كُلِّ شَيْءٍ فَأَخْرَجْنَا م...
نظر,observe/look/contemplate,947,1,يَنظُرُونَ,هَلْ يَنظُرُونَ إِلَّا أَن تَأْتِيَهُمُ الْمَلَائِكَةُ أَوْ يَأْتِيَ رَبُّكَ أَوْ يَأْتِيَ بَعْضُ آي...
نظر,observe/look/contemplate,968,1,أَنظِرْنِي,قَالَ أَنظِرْنِي إِلَى يَوْمِ يُبْعَثُونَ
نظر,observe/look/contemplate,969,1,الْمُنظَرِينَ,قَالَ إِنَّكَ مِنَ الْمُنظَرِينَ
نظر,observe/look/contemplate,1007,1,يَنظُرُونَ,هَلْ يَنظُرُونَ إِلَّا تَأْوِيلَهُ <sel> يَوْمَ يَأْتِي تَأْوِيلُهُ يَقُولُ الَّذِينَ نَسُوهُ مِن قَ...
نظر,observe/look/contemplate,1038,1,فَانظُرْ,وَأَمْطَرْنَا عَلَيْهِم مَّطَراً <sel> فَانظُرْ كَيْفَ كَانَ عَاقِبَةُ الْمُجْرِمِينَ
نظر,observe/look/contemplate,1040,1,وَانظُرُوا,وَلَا تَقْعُدُوا بِكُلِّ صِرَاطٍ تُوعِدُونَ وَتَصُدُّونَ عَن سَبِيلِ اللَّهِ مَنْ آمَنَ بِهِ وَتَبْغ...
نظر,observe/look/contemplate,1057,1,فَانظُرْ,ثُمَّ بَعَثْنَا مِن بَعْدِهِم مُّوسَى بِآيَاتِنَا إِلَى فِرْعَوْنَ وَمَلَئِهِ فَظَلَمُوا بِهَا <sel>...
نظر,observe/look/contemplate,1083,1,فَيَنظُرَ,قَالُوا أُوذِينَا مِن قَبْلِ أَن تَأْتِيَنَا وَمِن بَعْدِ مَا جِئْتَنَا <sel> قَالَ عَسَى رَبُّكُمْ ...
نظر,observe/look/contemplate,1097,2,"أَنظُرْ, انظُرْ",وَلَمَّا جَاءَ مُوسَى لِمِيقَاتِنَا وَكَلَّمَهُ رَبُّهُ قَالَ رَبِّ أَرِنِي أَنظُرْ إِلَيْكَ <sel> ق...
نظر,observe/look/contemplate,1139,1,يَنظُرُوا,أَوَلَمْ يَنظُرُوا فِي مَلَكُوتِ السَّمَاوَاتِ وَالْأَرْضِ وَمَا خَلَقَ اللَّهُ مِن شَيْءٍ وَأَنْ عَ...
نظر,observe/look/contemplate,1149,1,تُنظِرُونِ,أَلَهُمْ أَرْجُلٌ يَمْشُونَ بِهَا <sel> أَمْ لَهُمْ أَيْدٍ يَبْطِشُونَ بِهَا <sel> أَمْ لَهُمْ أَعْي...
نظر,observe/look/contemplate,1152,1,يَنظُرُونَ,وَإِن تَدْعُوهُمْ إِلَى الْهُدَى لَا يَسْمَعُوا <sel> وَتَرَاهُمْ يَنظُرُونَ إِلَيْكَ وَهُمْ لَا يُب...
نظر,observe/look/contemplate,1166,1,يَنظُرُونَ,يُجَادِلُونَكَ فِي الْحَقِّ بَعْدَمَا تَبَيَّنَ كَأَنَّمَا يُسَاقُونَ إِلَى الْمَوْتِ وَهُمْ يَنظُرُ...
نظر,observe/look/contemplate,1362,1,نَّظَرَ,وَإِذَا مَا أُنزِلَتْ سُورَةٌ نَّظَرَ بَعْضُهُمْ إِلَى بَعْضٍ هَلْ يَرَاكُم مِّنْ أَحَدٍ ثُمَّ انصَر...
نظر,observe/look/contemplate,1378,1,لِنَنظُرَ,ثُمَّ جَعَلْنَاكُمْ خَلَائِفَ فِي الْأَرْضِ مِن بَعْدِهِمْ لِنَنظُرَ كَيْفَ تَعْمَلُونَ
نظر,observe/look/contemplate,1403,1,فَانظُرْ,بَلْ كَذَّبُوا بِمَا لَمْ يُحِيطُوا بِعِلْمِهِ وَلَمَّا يَأْتِهِمْ تَأْوِيلُهُ <sel> كَذَلِكَ كَذَّب...
نظر,observe/look/contemplate,1407,1,يَنظُرُ,وَمِنْهُم مَّن يَنظُرُ إِلَيْكَ <sel> أَفَأَنتَ تَهْدِي الْعُمْيَ وَلَوْ كَانُوا لَا يُبْصِرُونَ
نظر,observe/look/contemplate,1435,1,تُنظِرُونِ,وَاتْلُ عَلَيْهِمْ نَبَأَ نُوحٍ إِذْ قَالَ لِقَوْمِهِ يَا قَوْمِ إِن كَانَ كَبُرَ عَلَيْكُم مَّقَامِ...
نظر,observe/look/contemplate,1437,1,فَانظُرْ,فَكَذَّبُوهُ فَنَجَّيْنَاهُ وَمَن مَّعَهُ فِي الْفُلْكِ وَجَعَلْنَاهُمْ خَلَائِفَ وَأَغْرَقْنَا الَّ...
نظر,observe/look/contemplate,1465,1,انظُرُوا,قُلِ انظُرُوا مَاذَا فِي السَّمَاوَاتِ وَالْأَرْضِ <sel> وَمَا تُغْنِي الْآيَاتُ وَالنُّذُرُ عَن قَو...
نظر,observe/look/contemplate,1528,1,تُنظِرُونِ,مِن دُونِهِ <sel> فَكِيدُونِي جَمِيعاً ثُمَّ لَا تُنظِرُونِ
نظر,observe/look/contemplate,1705,1,فَيَنظُرُوا,وَمَا أَرْسَلْنَا مِن قَبْلِكَ إِلَّا رِجَالاً نُّوحِي إِلَيْهِم مِّنْ أَهْلِ الْقُرَى <sel> أَفَلَم...
نظر,observe/look/contemplate,1810,1,مُّنظَرِينَ,مَا نُنَزِّلُ الْمَلَائِكَةَ إِلَّا بِالْحَقِّ وَمَا كَانُوا إِذاً مُّنظَرِينَ
نظر,observe/look/contemplate,1838,1,فَأَنظِرْنِي,قَالَ رَبِّ فَأَنظِرْنِي إِلَى يَوْمِ يُبْعَثُونَ
نظر,observe/look/contemplate,1839,1,الْمُنظَرِينَ,قَالَ فَإِنَّكَ مِنَ الْمُنظَرِينَ
نظر,observe/look/contemplate,1934,1,يَنظُرُونَ,هَلْ يَنظُرُونَ إِلَّا أَن تَأْتِيَهُمُ الْمَلَائِكَةُ أَوْ يَأْتِيَ أَمْرُ رَبِّكَ <sel> كَذَلِكَ ف...
نظر,observe/look/contemplate,1937,1,فَانظُرُوا,وَلَقَدْ بَعَثْنَا فِي كُلِّ أُمَّةٍ رَّسُولاً أَنِ اعْبُدُوا اللَّهَ وَاجْتَنِبُوا الطَّاغُوتَ <sel...
نظر,observe/look/contemplate,1986,1,يُنظَرُونَ,وَإِذَا رَأَى الَّذِينَ ظَلَمُوا الْعَذَابَ فَلَا يُخَفَّفُ عَنْهُمْ وَلَا هُمْ يُنظَرُونَ
نظر,observe/look/contemplate,2050,1,انظُرْ,انظُرْ كَيْفَ فَضَّلْنَا بَعْضَهُمْ عَلَى بَعْضٍ <sel> وَلَلْآخِرَةُ أَكْبَرُ دَرَجَاتٍ وَأَكْبَرُ ت...
نظر,observe/look/contemplate,2077,1,انظُرْ,انظُرْ كَيْفَ ضَرَبُوا لَكَ الْأَمْثَالَ فَضَلُّوا فَلَا يَسْتَطِيعُونَ سَبِيلاً
نظر,observe/look/contemplate,2159,1,فَلْيَنظُرْ,وَكَذَلِكَ بَعَثْنَاهُمْ لِيَتَسَاءَلُوا بَيْنَهُمْ <sel> قَالَ قَائِلٌ مِّنْهُمْ كَمْ لَبِثْتُمْ <s...
نظر,observe/look/contemplate,2445,1,وَانظُرْ,قَالَ فَاذْهَبْ فَإِنَّ لَكَ فِي الْحَيَاةِ أَن تَقُولَ لَا مِسَاسَ <sel> وَإِنَّ لَكَ مَوْعِداً لَّ...
نظر,observe/look/contemplate,2523,1,يُنظَرُونَ,بَلْ تَأْتِيهِم بَغْتَةً فَتَبْهَتُهُمْ فَلَا يَسْتَطِيعُونَ رَدَّهَا وَلَا هُمْ يُنظَرُونَ
نظر,observe/look/contemplate,2610,1,فَلْيَنظُرْ,مَن كَانَ يَظُنُّ أَن لَّن يَنصُرَهُ اللَّهُ فِي الدُّنْيَا وَالْآخِرَةِ فَلْيَمْدُدْ بِسَبَبٍ إِلَى...
نظر,observe/look/contemplate,2864,1,انظُرْ,انظُرْ كَيْفَ ضَرَبُوا لَكَ الْأَمْثَالَ فَضَلُّوا فَلَا يَسْتَطِيعُونَ سَبِيلاً
نظر,observe/look/contemplate,3135,1,مُنظَرُونَ,فَيَقُولُوا هَلْ نَحْنُ مُنظَرُونَ
نظر,observe/look/contemplate,3173,1,فَانظُرْ,وَجَحَدُوا بِهَا وَاسْتَيْقَنَتْهَا أَنفُسُهُمْ ظُلْماً وَعُلُوّاً <sel> فَانظُرْ كَيْفَ كَانَ عَاقِ...
نظر,observe/look/contemplate,3186,1,سَنَنظُرُ,قَالَ سَنَنظُرُ أَصَدَقْتَ أَمْ كُنتَ مِنَ الْكَاذِبِينَ
نظر,observe/look/contemplate,3187,1,فَانظُرْ,اذْهَب بِّكِتَابِي هَذَا فَأَلْقِهْ إِلَيْهِمْ ثُمَّ تَوَلَّ عَنْهُمْ فَانظُرْ مَاذَا يَرْجِعُونَ
نظر,observe/look/contemplate,3192,1,فَانظُرِي,قَالُوا نَحْنُ أُولُو قُوَّةٍ وَأُولُو بَأْسٍ شَدِيدٍ وَالْأَمْرُ إِلَيْكِ فَانظُرِي مَاذَا تَأْمُرِ...
نظر,observe/look/contemplate,3200,1,نَنظُرْ,قَالَ نَكِّرُوا لَهَا عَرْشَهَا نَنظُرْ أَتَهْتَدِي أَمْ تَكُونُ مِنَ الَّذِينَ لَا يَهْتَدُونَ
نظر,observe/look/contemplate,3210,1,فَانظُرْ,فَانظُرْ كَيْفَ كَانَ عَاقِبَةُ مَكْرِهِمْ أَنَّا دَمَّرْنَاهُمْ وَقَوْمَهُمْ أَجْمَعِينَ
نظر,observe/look/contemplate,3228,1,فَانظُرُوا,قُلْ سِيرُوا فِي الْأَرْضِ فَانظُرُوا كَيْفَ كَانَ عَاقِبَةُ الْمُجْرِمِينَ
نظر,observe/look/contemplate,3292,1,فَانظُرْ,فَأَخَذْنَاهُ وَجُنُودَهُ فَنَبَذْنَاهُمْ فِي الْيَمِّ <sel> فَانظُرْ كَيْفَ كَانَ عَاقِبَةُ الظَّال...
نظر,observe/look/contemplate,3360,1,فَانظُرُوا,قُلْ سِيرُوا فِي الْأَرْضِ فَانظُرُوا كَيْفَ بَدَأَ الْخَلْقَ <sel> ثُمَّ اللَّهُ يُنشِئُ النَّشْأَة...
نظر,observe/look/contemplate,3418,1,فَيَنظُرُوا,أَوَلَمْ يَسِيرُوا فِي الْأَرْضِ فَيَنظُرُوا كَيْفَ كَانَ عَاقِبَةُ الَّذِينَ مِن قَبْلِهِمْ <sel> ك...
نظر,observe/look/contemplate,3451,1,فَانظُرُوا,قُلْ سِيرُوا فِي الْأَرْضِ فَانظُرُوا كَيْفَ كَانَ عَاقِبَةُ الَّذِينَ مِن قَبْلُ <sel> كَانَ أَكْثَ...
نظر,observe/look/contemplate,3459,1,فَانظُرْ,فَانظُرْ إِلَى آثَارِ رَحْمَتِ اللَّهِ كَيْفَ يُحْيِي الْأَرْضَ بَعْدَ مَوْتِهَا <sel> إِنَّ ذَلِكَ ...
نظر,observe/look/contemplate,3532,1,يُنظَرُونَ,قُلْ يَوْمَ الْفَتْحِ لَا يَنفَعُ الَّذِينَ كَفَرُوا إِيمَانُهُمْ وَلَا هُمْ يُنظَرُونَ
نظر,observe/look/contemplate,3552,1,يَنظُرُونَ,أَشِحَّةً عَلَيْكُمْ <sel> فَإِذَا جَاءَ الْخَوْفُ رَأَيْتَهُمْ يَنظُرُونَ إِلَيْكَ تَدُورُ أَعْيُنُ...
نظر,observe/look/contemplate,3703,1,يَنظُرُونَ,اسْتِكْبَاراً فِي الْأَرْضِ وَمَكْرَ السَّيِّئِ <sel> وَلَا يَحِيقُ الْمَكْرُ السَّيِّئُ إِلَّا بِأَ...
نظر,observe/look/contemplate,3704,1,فَيَنظُرُوا,أَوَلَمْ يَسِيرُوا فِي الْأَرْضِ فَيَنظُرُوا كَيْفَ كَانَ عَاقِبَةُ الَّذِينَ مِن قَبْلِهِمْ وَكَانُ...
نظر,observe/look/contemplate,3754,1,يَنظُرُونَ,مَا يَنظُرُونَ إِلَّا صَيْحَةً وَاحِدَةً تَأْخُذُهُمْ وَهُمْ يَخِصِّمُونَ
نظر,observe/look/contemplate,3807,1,يَنظُرُونَ,فَإِنَّمَا هِيَ زَجْرَةٌ وَاحِدَةٌ فَإِذَا هُمْ يَنظُرُونَ
نظر,observe/look/contemplate,3861,1,فَانظُرْ,فَانظُرْ كَيْفَ كَانَ عَاقِبَةُ الْمُنذَرِينَ
نظر,observe/look/contemplate,3876,2,"فَنَظَرَ, نَظْرَةً",فَنَظَرَ نَظْرَةً فِي النُّجُومِ
نظر,observe/look/contemplate,3890,1,فَانظُرْ,فَلَمَّا بَلَغَ مَعَهُ السَّعْيَ قَالَ يَا بُنَيَّ إِنِّي أَرَى فِي الْمَنَامِ أَنِّي أَذْبَحُكَ فَا...
نظر,observe/look/contemplate,3985,1,يَنظُرُ,وَمَا يَنظُرُ هَؤُلَاءِ إِلَّا صَيْحَةً وَاحِدَةً مَّا لَهَا مِن فَوَاقٍ
نظر,observe/look/contemplate,4049,1,فَأَنظِرْنِي,قَالَ رَبِّ فَأَنظِرْنِي إِلَى يَوْمِ يُبْعَثُونَ
نظر,observe/look/contemplate,4050,1,الْمُنظَرِينَ,قَالَ فَإِنَّكَ مِنَ الْمُنظَرِينَ
نظر,observe/look/contemplate,4126,1,يَنظُرُونَ,وَنُفِخَ فِي الصُّورِ فَصَعِقَ مَن فِي السَّمَاوَاتِ وَمَن فِي الْأَرْضِ إِلَّا مَن شَاءَ اللَّهُ <s...
نظر,observe/look/contemplate,4154,1,فَيَنظُرُوا,أَوَلَمْ يَسِيرُوا فِي الْأَرْضِ فَيَنظُرُوا كَيْفَ كَانَ عَاقِبَةُ الَّذِينَ كَانُوا مِن قَبْلِهِمْ...
نظر,observe/look/contemplate,4215,1,فَيَنظُرُوا,أَفَلَمْ يَسِيرُوا فِي الْأَرْضِ فَيَنظُرُوا كَيْفَ كَانَ عَاقِبَةُ الَّذِينَ مِن قَبْلِهِمْ <sel> ك...
نظر,observe/look/contemplate,4317,1,يَنظُرُونَ,وَتَرَاهُمْ يُعْرَضُونَ عَلَيْهَا خَاشِعِينَ مِنَ الذُّلِّ يَنظُرُونَ مِن طَرْفٍ خَفِيٍّ <sel> وَقَا...
نظر,observe/look/contemplate,4350,1,فَانظُرْ,فَانتَقَمْنَا مِنْهُمْ <sel> فَانظُرْ كَيْفَ كَانَ عَاقِبَةُ الْمُكَذِّبِينَ
نظر,observe/look/contemplate,4391,1,يَنظُرُونَ,هَلْ يَنظُرُونَ إِلَّا السَّاعَةَ أَن تَأْتِيَهُم بَغْتَةً وَهُمْ لَا يَشْعُرُونَ
نظر,observe/look/contemplate,4443,1,مُنظَرِينَ,فَمَا بَكَتْ عَلَيْهِمُ السَّمَاءُ وَالْأَرْضُ وَمَا كَانُوا مُنظَرِينَ
نظر,observe/look/contemplate,4555,1,فَيَنظُرُوا,أَفَلَمْ يَسِيرُوا فِي الْأَرْضِ فَيَنظُرُوا كَيْفَ كَانَ عَاقِبَةُ الَّذِينَ مِن قَبْلِهِمْ <sel> د...
نظر,observe/look/contemplate,4563,1,يَنظُرُونَ,فَهَلْ يَنظُرُونَ إِلَّا السَّاعَةَ أَن تَأْتِيَهُم بَغْتَةً <sel> فَقَدْ جَاءَ أَشْرَاطُهَا <sel> ف...
نظر,observe/look/contemplate,4565,2,"يَنظُرُونَ, نَظَرَ",وَيَقُولُ الَّذِينَ آمَنُوا لَوْلَا نُزِّلَتْ سُورَةٌ <sel> فَإِذَا أُنزِلَتْ سُورَةٌ مُّحْكَمَةٌ وَ...
نظر,observe/look/contemplate,4636,1,يَنظُرُوا,أَفَلَمْ يَنظُرُوا إِلَى السَّمَاءِ فَوْقَهُمْ كَيْفَ بَنَيْنَاهَا وَزَيَّنَّاهَا وَمَا لَهَا مِن فُ...
نظر,observe/look/contemplate,4719,1,يَنظُرُونَ,فَعَتَوْا عَنْ أَمْرِ رَبِّهِمْ فَأَخَذَتْهُمُ الصَّاعِقَةُ وَهُمْ يَنظُرُونَ
نظر,observe/look/contemplate,5063,1,تَنظُرُونَ,وَأَنتُمْ حِينَئِذٍ تَنظُرُونَ
نظر,observe/look/contemplate,5088,1,انظُرُونَا,يَوْمَ يَقُولُ الْمُنَافِقُونَ وَالْمُنَافِقَاتُ لِلَّذِينَ آمَنُوا انظُرُونَا نَقْتَبِسْ مِن نُّورِ...
نظر,observe/look/contemplate,5144,1,وَلْتَنظُرْ,يَا أَيُّهَا الَّذِينَ آمَنُوا اتَّقُوا اللَّهَ وَلْتَنظُرْ نَفْسٌ مَّا قَدَّمَتْ لِغَدٍ <sel> وَاتّ...
نظر,observe/look/contemplate,5516,1,نَظَرَ,ثُمَّ نَظَرَ
نظر,observe/look/contemplate,5712,1,يَنظُرُ,إِنَّا أَنذَرْنَاكُمْ عَذَاباً قَرِيباً يَوْمَ يَنظُرُ الْمَرْءُ مَا قَدَّمَتْ يَدَاهُ وَيَقُولُ الْ...
نظر,observe/look/contemplate,5782,1,فَلْيَنظُرِ,فَلْيَنظُرِ الْإِنسَانُ إِلَى طَعَامِهِ
نظر,observe/look/contemplate,5871,1,يَنظُرُونَ,عَلَى الْأَرَائِكِ يَنظُرُونَ
نظر,observe/look/contemplate,5883,1,يَنظُرُونَ,عَلَى الْأَرَائِكِ يَنظُرُونَ
نظر,observe/look/contemplate,5936,1,فَلْيَنظُرِ,فَلْيَنظُرِ الْإِنسَانُ مِمَّ خُلِقَ
نظر,observe/look/contemplate,5984,1,يَنظُرُونَ,أَفَلَا يَنظُرُونَ إِلَى الْإِبِلِ كَيْفَ خُلِقَتْ
