category,example,description,phoneme_char
تأثيره على الكلمة ( من حيث البناء والإعراب ),*,لا تؤثر الهمزة على الكلمة من حيث البناء والإعراب .,ء
الموقع الإعرابي للحرف,*,لا محل له من الإعراب دائمًا,ء
دور الحرف النحوي في الكلمة من حيث (التأنيث - التذكير),*,لا تؤثر الهمزة على الكلمة من حيث التأنيث - التذكير .,ء
دور الحرف النحوي في الكلمة من حيث (الجمع - التثنية),*,لا تؤثر الهمزة على الكلمة من حيث الجمع- التثنية.,ء
دور الحرف النحوي في الكلمة من حيث (االلزوم - التّعدي),خرج = أخرج,عندما تزاد الهمزة للفعل اللازم تجعله متعديا,ء
دور الحرف النحوي في الكلمة من حيث (النّسب - التّصغير),*,لا تؤثر الهمزة على الكلمة من حيث النسب- التصغير .,ء
دور الحرف النحوي في الكلمة ( المصدر الميمي - صيغ المبالغة ),أعرج ومؤنثه عرجاء,"تدخل الهمزة في وزن الصفة المشبهة 
الصفة المشبهة على وزن (أَفْعل) الذي مؤنثه على وزن (فَعْلاء) وذلك فيما دل على لون أو عيب أو حلية.",ء
دور الحرف النحوي في الكلمة من حيث ( اسم الفاعل - اسم المفعول ),*,لا تؤثر الهمزة على الكلمة من حيث اسم الفاعل - اسم المفعول  .,ء
دور الحرف النحوي في الكلمة من حيث ( الزمان - المكان ),NULL,لا تؤثر الهمزة على الكلمة من حيث المكان- الزمان .,ء
تأثيره على الكلمة ( من حيث البناء والإعراب ),الطالبُ مجتهدٌ = مررتُ بالطالبِ المجتهد * بحَسْبِكَ زَيدٌ.*ما زيدٌ بقائم.*فَمَا رَجَعَتْ بِخَائِبَةٍ رِكَابُ,الباء تُستخدم في الأسماء، وتؤثر على الإعراب فيكون حرف جرّ يغير الموقع الإعرابي للاسم وحركته، وقد تكونُ هذه الباءُ زائدةً في سِتةِ مَواضعَ (مع المبتدأ- الخبر - المفعول به - الحال المنفية),ب
الموقع الإعرابي للحرف,NULL,لا محل له من الاعراب دائما,ب
دور الحرف النحوي في الكلمة من حيث (التأنيث - التذكير),*,لا تؤثر الباء على الكلمة من حيث التأنيث - التذكير .,ب
دور الحرف النحوي في الكلمة من حيث (الجمع - التثنية),*,لا تؤثر الباء على الكلمة من حيث الجمع - التثنية.,ب
دور الحرف النحوي في الكلمة من حيث (اللّزوم - التّعدي),*,لا تؤثر الباء على الكلمة من حيث اللزوم - التعدي .,ب
دور الحرف النحوي في الكلمة من حيث (النّسب - التّصغير),*,لا تؤثر الباء على الكلمة من حيث النسب - التصغير .,ب
دور الحرف النحوي في الكلمة (المصدر الميمي - صيغ المبالغة),سبّاق للخير,قد تدخل في بعض الأوزان الصرفية الخاصة بالمصادر وصيغ المبالغة. عندا تضعّف,ب
دور الحرف النحوي في الكلمة من حيث (اسم الفاعل - اسم المفعول),*,لا تؤثر الباء على الكلمة من حيث اسم الفاعل  - اسم المفعول  .,ب
دور الحرف النحوي في الكلمة من حيث (الزمان - المكان),"""ولقد نصركم الله ببدر"" ، {إلا آل لوط نجيناهم بسحر } (القمر:34)، أي: في وقت السَّحَر، وهو وقت قبيل الصبح.",تأتي لمعنى الظرفية.,ب
تأثيره على الكلمة (من حيث البناء والإعراب),كَتَبْتُ، كَتَبْتَ، كَتَبْتِ,حرف التاء له تأثير واضح على الكلمة من حيث البناء والإعراب، ويختلف تأثيره حسب موقعه في الكلمة ونوعه. فهناك تاء التأنيث الساكنة التي تجعل الكلمة مبنية (لا تتغير حركتها)، مثل: جاءتْ، قرأتْ. وهناك تاء الفاعل المتحركة التي تلحق بالفعل الماضي فتدل على الفاعل، مثل: كتبتُ، كتبتَ، كتبتِ.,ت
الموقع الإعرابي للحرف,"أنتِ كَتَبْتِ الدَرْسَ. (التاء في ""كتبتِ"" ضمير متصل في محل رفع فاعل)
جاءَتْ الفَتاةُ. (التاء هنا حرف لا محل له من الإعراب)",يتغير موقع التاء الإعرابي بحسب السياق؛ فتاء التأنيث الساكنة لا محل لها من الإعراب، وتاء الفاعل المتحركة أو المخاطبة تكون ضميرًا في محل رفع فاعل.,ت
دور الحرف النحوي في الكلمة من حيث (التأنيث - التذكير),"يَلْعَب-تَلْعَب
كَتَبَ- تَكْتُب
مُدَرِّس- مُدَرِّسَة
خَليفَة، حَمْزَة، طَلْحَة، مُعاويَة",يؤثر التاء على الكلمة من حيث التذكير والتأنيث؛ فعندما تُضاف إلى الكلمة تحوّلها من المذكَّر إلى المؤنَّث، مثل: معلِّم → معلِّمة. وقد تأتي في أسماء مذكَّرة قليلًا مثل: خليفة، حمزة، طلحة.,ت
دور الحرف النحوي في الكلمة من حيث (الجمع - التثنية),مُسْلِمات، مُعَلِّمات، طَبِيبات,يلعب حرف التاء دورًا مهمًا في جمع المؤنث السالم، إذ تزداد ألف وتاء في نهاية المفرد لتشكيل صيغة الجمع السالم، مثل: مسلمة → مسلمات.,ت
دور الحرف النحوي في الكلمة من حيث (اللّزوم - التّعدي),"عَلَّمَ → تَعَلَّمَ
كَسَّرَ الزُجَاجَ → تَكَسَّرَ الزُجَاجَ",يمكن للتاء أن تجعل الفعل متعديًا أو لازمًا بحسب وروده في الفعل؛ فمثلًا (علَّم) فعل متعدٍّ، وعندما تُزاد التاء يصبح (تعلَّم) لازمًا أو يوحي بالتدرج، وهكذا.,ت
دور الحرف النحوي في الكلمة من حيث (النّسب - التّصغير),*,لا تؤثر التاء على الكلمة من حيث النسب - التصغير.,ت
دور الحرف النحوي في الكلمة (المصدر الميمي - صيغ المبالغة),*,لا تؤثر التاء على الكلمة من حيث المصدر الميمي  - صيغ المبالغة.,ت
دور الحرف النحوي في الكلمة من حيث (اسم الفاعل - اسم المفعول),*,لا تؤثر التاء على الكلمة من حيث اسم الفاعل   - اسم المفعول.,ت
دور الحرف النحوي في الكلمة من حيث (الزمان - المكان),*,لا تؤثر التاء على الكلمة من حيث الزمان - المكان.,ت
تأثيره على الكلمة ( من حيث البناء والإعراب ),*,ولا يؤثر على البناء أو الإعراب,ث
الموقع الإعرابي للحرف,*,لا محل له من الاعراب دائما,ث
دور الحرف النحوي في الكلمة من حيث (التأنيث - التذكير),*,ليس من الحروف التي تدل على التأنيث.,ث
دور الحرف النحوي في الكلمة من حيث (الجمع - التثنية),مثنى - اثنان - أمثال,ليس من الحروف النحوية ولا يُستخدم كعلامة في التثنية أو الجمع، لكنه يظهر في صيغ تدل عليهما.,ث
دور الحرف النحوي في الكلمة من حيث (اللّزوم - التّعدي),*,ليس له أثر في تحويل الأفعال من اللزوم إلى التعدي وبالعكس,ث
دور الحرف النحوي في الكلمة من حيث (النّسب - التّصغير),*,ليس له دور في النسب والتصغير,ث
دور الحرف النحوي في الكلمة (المصدر الميمي - صيغ المبالغة),*,ليس له دور في المصدر الميمي,ث
دور الحرف النحوي في الكلمة من حيث (اسم الفاعل - اسم المفعول),*,ليس له دور في اشتقاق اسم الزمان والمكان,ث
دور الحرف النحوي في الكلمة من حيث (الزمان - المكان),أثار = مُثار,ليس له دور في اشتقاق اسم الزمان والمكان,ث
تأثيره على الكلمة ( من حيث البناء والإعراب ),*,لا يؤدي الجيم دورًا نحويًا في الكلمة من حيث (البناء والإعراب ),ج
الموقع الإعرابي للحرف,*,لا محل له من الإعراب,ج
دور الحرف النحوي في الكلمة من حيث (التأنيث - التذكير),*,لا يؤدي الجيم دورًا نحويًا في الكلمة من حيث (التأنيث -التذكير),ج
دور الحرف النحوي في الكلمة من حيث (الجمع - التثنية),*,لا يؤدي الجيم دورًا نحويًا في الكلمة من حيث (الجمع - التثنية ),ج
دور الحرف النحوي في الكلمة من حيث (اللّزوم - التّعدي),*,لا يؤدي الجيم دورًا نحويًا في الكلمة من حيث (اللزوم - التّعدي),ج
دور الحرف النحوي في الكلمة من حيث (النّسب - التّصغير),*,لا يؤدي الجيم دورًا نحويًا في الكلمة من حيث (النّسب -التّصغير),ج
دور الحرف النحوي في الكلمة (المصدر الميمي - صيغ المبالغة),*,لا يؤدي الجيم دورًا نحويًا في الكلمة من حيث (المصدر الميمي - صيغ المبالغة),ج
دور الحرف النحوي في الكلمة من حيث (اسم الفاعل - اسم المفعول),*,لا يؤدي الجيم دورًا نحويًا في الكلمة من حيث (اسم الفاعل - اسم المفعول),ج
دور الحرف النحوي في الكلمة من حيث (الزمان - المكان),*,لا يؤدي الجيم دورًا نحويًا في الكلمة من حيث (الزمان - المكان),ج
تأثيره على الكلمة ( من حيث البناء والإعراب ),*,لا يؤثر حرف الحاء على الكلمة من حيث البناء والإعراب.,ح
الموقع الإعرابي للحرف,*,لا يؤثر حرف الحاء على الكلمة من حيث الموقع الإعرابي.,ح
دور الحرف النحوي في الكلمة من حيث (التأنيث - التذكير),*,لا يؤثر حرف الحاء في التأنيث أو التذكير.,ح
دور الحرف النحوي في الكلمة من حيث (الجمع - التثنية),*,لا يؤثر حرف الحاء في الجمع أو التثنية.,ح
دور الحرف النحوي في الكلمة من حيث (اللّزوم - التّعدي),*,لا يؤثر حرف الحاء في اللزوم أو التعدي.,ح
دور الحرف النحوي في الكلمة من حيث (النّسب - التّصغير),*,لا يؤثر حرف الحاء في النسب أو التصغير.,ح
دور الحرف النحوي في الكلمة (المصدر الميمي - صيغ المبالغة),*,لا يؤثر حرف الحاء في المصدر الميمي  أو صيغة المبالغة.,ح
دور الحرف النحوي في الكلمة من حيث (اسم الفاعل - اسم المفعول),*,لا يؤثر حرف الحاء في اسم الفاعل  أو اسم المفعول.,ح
دور الحرف النحوي في الكلمة من حيث (الزمان - المكان),*,لا يؤثر حرف الحاء في الزمان أو المكان.,ح
تأثيره على الكلمة (من حيث البناء والإعراب),*,حرف الخاء ليس عاملًا نحويًا ولا أثر له على الكلمة من حيث البناء والإعراب,خ
الموقع الإعرابي للحرف,*,لا محل له من الإعراب .,خ
دور الحرف النحوي في الكلمة من حيث (التأنيث - التذكير),*,لا يؤثر الخاء في التأنيث والتذكير.,خ
دور الحرف النحوي في الكلمة من حيث (الجمع - التثنية),*,لا يؤدي الخاء دورًا نحويًا في الكلمة من حيث (الجمع - التثنية),خ
دور الحرف النحوي في الكلمة من حيث (اللّزوم - التّعدي),*,لا يؤدي الخاء دورًا نحويًا في الكلمة من حيث (اللّزوم - التّعدي),خ
دور الحرف النحوي في الكلمة من حيث (النّسب - التّصغير),*,لا يؤدي الجيم دورًا نحويًا في الكلمة من حيث (النّسب - التّصغير),خ
دور الحرف النحوي في الكلمة (المصدر الميمي - صيغ المبالغة),*,لا يؤدي الجيم دورًا نحويًا  في الكلمة من حيث (المصدر الميمي - صيغ المبالغة),خ
دور الحرف النحوي في الكلمة من حيث (اسم الفاعل - اسم المفعول),*,لا يؤدي الخاء دورًا نحويًا في الكلمة من حيث (اسم الفاعل - اسم المفعول),خ
دور الحرف النحوي في الكلمة من حيث (الزمان - المكان),*,لا يؤدي الجيم دورًا نحويًا في الكلمة من حيث (الزمان - المكان),خ
تأثيره على الكلمة ( من حيث البناء والإعراب ),"بَرَدَ الطالبُ القلمَ
يَعبُدُ المسلمُ الله",لا يؤثر حرف الدال على الكلمة من حيث البناء والإعراب.,د
الموقع الإعرابي للحرف,*,لا محل له من الإعراب,د
دور الحرف النحوي في الكلمة من حيث (التأنيث - التذكير),"دجاجة
ديك
صندوق
قرد",لا يؤثر حرف الدال  في التذكير أو التأنيث.,د
دور الحرف النحوي في الكلمة من حيث (الجمع - التثنية),*,لا يؤثر حرف الدال في الجمع أو التثنية,د
دور الحرف النحوي في الكلمة من حيث (اللّزوم - التّعدي),*,الدال لا يؤدي دورًا نحويًا مباشرًا في تحديد لزوم الفعل أو تعدّيه.,د
دور الحرف النحوي في الكلمة من حيث (النّسب - التّصغير),*,لا دور له  في النسب أو التصغير.,د
دور الحرف النحوي في الكلمة (المصدر الميمي - صيغ المبالغة),*,لا دور لحرف الدال في المصدر الميمي أو صيغ المبالغة.,د
دور الحرف النحوي في الكلمة من حيث (اسم الفاعل - اسم المفعول),*,لا دور لحرف الدال في صياغة اسم الفاعل واسم المفعول .,د
دور الحرف النحوي في الكلمة من حيث (الزمان - المكان),*,لا يوجد دور لحرف الدال في الزمان أو المكان,د
تأثيره على الكلمة ( من حيث البناء والإعراب ),*,حرف الذال ليس عاملًا نحويًا ولا أثر له على الكلمة من حيث البناء والإعراب,ذ
الموقع الإعرابي للحرف,*,لا محل له من الإعراب,ذ
دور الحرف النحوي في الكلمة من حيث (التأنيث - التذكير),*,ليس لحرف الذال أثر في تأنيث أو تذكير الكلمة.,ذ
دور الحرف النحوي في الكلمة من حيث (الجمع - التثنية),*,لا يؤدي الذال دورًا نحويًا في الكلمة من حيث (الجمع - التثنية),ذ
دور الحرف النحوي في الكلمة من حيث (اللّزوم - التّعدي),*,لا يؤدي الذال دورًا نحويًا في الكلمة من حيث (اللّزوم - التّعدي),ذ
دور الحرف النحوي في الكلمة من حيث (النّسب - التّصغير),*,لا دور له في النسب والتصغير، لكنه قد يكون حرفًا أصليًا في الكلمة التي نُسبت أو صُغِّرت.,ذ
دور الحرف النحوي في الكلمة (المصدر الميمي - صيغ المبالغة),*,لا يؤدي الذال دورًا نحويًا  في الكلمة من حيث  (المصدر الميمي - صيغ المبالغة),ذ
دور الحرف النحوي في الكلمة من حيث (اسم الفاعل - اسم المفعول),*,لا يؤدي الذال دورًا نحويًا في الكلمة من حيث (اسم الفاعل - اسم المفعول),ذ
دور الحرف النحوي في الكلمة من حيث (الزمان - المكان),*,لا يوجد لحرف الذال دور خاص في اشتقاق أسماء الزمان أو المكان.,ذ
تأثيره على الكلمة (من حيث البناء والإعراب),*,حرف الراء ليس عاملًا نحويًا ولا أثر له على الكلمة من حيث البناء والإعراب,ر
الموقع الإعرابي للحرف,*,لا محل له من الإعراب,ر
دور الحرف النحوي في الكلمة من حيث (التأنيث - التذكير),*,ليس لحرف الراء أثر في تأنيث أو تذكير الكلمة.,ر
دور الحرف النحوي في الكلمة من حيث (الجمع - التثنية),*,لا يؤدي الراء دورًا نحويًا في الكلمة من حيث (الجمع - التثنية),ر
دور الحرف النحوي في الكلمة من حيث (اللّزوم - التّعدي),*,لا يؤدي الراء دورًا نحويًا في الكلمة من حيث (اللّزوم - التّعدي),ر
دور الحرف النحوي في الكلمة من حيث (النّسب - التّصغير),*,لا دور خاص للراء في النسب أو التصغير؛ قد يكون جزءًا من أصل الكلمة التي صُغِّرت أو نُسبت.,ر
دور الحرف النحوي في الكلمة (المصدر الميمي - صيغ المبالغة),*,لا يؤدي الراء دورًا نحويًا  في الكلمة من حيث  (المصدر الميمي - صيغ المبالغة),ر
دور الحرف النحوي في الكلمة من حيث (اسم الفاعل - اسم المفعول),*,لا يؤدي الراء دورًا نحويًا في الكلمة من حيث (اسم الفاعل - اسم المفعول),ر
دور الحرف النحوي في الكلمة من حيث (الزمان - المكان),*,لا يؤدي الراء دورًا نحويًا في الكلمة من حيث (الزمان - المكان),ر
تأثيره على الكلمة ( من حيث البناء والإعراب ),*,لا يؤثر حرف الزاي على الكلمة من حيث البناء والإعراب.,ز
الموقع الإعرابي للحرف,*,لا محل له من الإعراب,ز
دور الحرف النحوي في الكلمة من حيث (التأنيث - التذكير),*,ليس لحرف الزاي أثر في تأنيث أو تذكير الكلمة.,ز
دور الحرف النحوي في الكلمة من حيث (الجمع - التثنية),*,لا يؤدي الزاي دورًا نحويًا في الكلمة من حيث (الجمع - التثنية),ز
دور الحرف النحوي في الكلمة من حيث (اللّزوم - التّعدي),*,لا يؤدي الزاي دورًا نحويًا في الكلمة من حيث (اللّزوم - التّعدي),ز
دور الحرف النحوي في الكلمة من حيث (النّسب - التّصغير),*,لا يؤدي الزاي دورًا نحويًا في الكلمة من حيث (النّسب - التّصغير),ز
دور الحرف النحوي في الكلمة (المصدر الميمي - صيغ المبالغة),*,لا يؤدي الزاي دورًا نحويًا  في الكلمة من حيث  (المصدر الميمي - صيغ المبالغة),ز
دور الحرف النحوي في الكلمة من حيث (اسم الفاعل - اسم المفعول),*,لا يؤدي الزاي دورًا نحويًا في الكلمة من حيث (اسم الفاعل - اسم المفعول),ز
دور الحرف النحوي في الكلمة من حيث (الزمان - المكان),*,لا يؤدي الزاي دورًا نحويًا في الكلمة من حيث (الزمان - المكان),ز
تأثيره على الكلمة ( من حيث البناء والإعراب ),*,السين حرف لا يؤثر في إعراب الكلمة.,س
الموقع الإعرابي للحرف,*,لا محل من الإعراب,س
دور الحرف النحوي في الكلمة من حيث (التأنيث - التذكير),عليك = عليكس = عليس,يضاف حرف السين إلى الكاف في بعض اللهجات للدلالة على التأنيث (تُسمى الكسكسة) وقد تأتي مكانها في بعض السياقات.,س
دور الحرف النحوي في الكلمة من حيث (الجمع - التثنية),*,السين ليست من الحروف التي تؤثر في الجمع أو التثنية.,س
دور الحرف النحوي في الكلمة من حيث (اللّزوم - التّعدي),*,ليس له دور في اللزوم والتعدي,س
دور الحرف النحوي في الكلمة من حيث (النّسب - التّصغير),*,ليس له دور في النسب والتصغير,س
دور الحرف النحوي في الكلمة (المصدر الميمي - صيغ المبالغة),*,ليس له دور في المصدر الميمي وصيغ المبالغة,س
دور الحرف النحوي في الكلمة من حيث (اسم الفاعل - اسم المفعول),*,ليس له دور في اسم الفاعل واسم المفعول,س
دور الحرف النحوي في الكلمة من حيث (الزمان - المكان),*,ليس له دور الزمان والمكان,س
تأثيره على الكلمة ( من حيث البناء والإعراب ),*,لا يؤثر حرف الشين على الكلمة من حيث البناء والإعراب.,ش
الموقع الإعرابي للحرف,*,لا محل له من الإعراب دائمًا .,ش
دور الحرف النحوي في الكلمة من حيث (التأنيث - التذكير),*,لا يؤثر حرف الشين وحده في التأنيث أو التذكير.,ش
دور الحرف النحوي في الكلمة من حيث (الجمع - التثنية),*,لا يؤدي الشين دورًا نحويًا في الكلمة من حيث (الجمع - التثنية),ش
دور الحرف النحوي في الكلمة من حيث (اللّزوم - التّعدي),NULL,لا يؤدي الشين دورًا نحويًا في الكلمة من حيث (اللّزوم - التّعدي),ش
دور الحرف النحوي في الكلمة من حيث (النّسب - التّصغير),*,لا دور خاص للشين في النسب أو التصغير.,ش
دور الحرف النحوي في الكلمة (المصدر الميمي - صيغ المبالغة),*,لا دور خاص للشين في المصدر الميمي أو صيغ المبالغة.,ش
دور الحرف النحوي في الكلمة من حيث (اسم الفاعل - اسم المفعول),*,لا دور خاص للشين في اشتقاق اسم الفاعل أو اسم المفعول.,ش
دور الحرف النحوي في الكلمة من حيث (الزمان - المكان),*,لا يغيّر حرف الشين قاعدة اشتقاق اسم الزمان أو المكان.,ش
تأثيره على الكلمة ( من حيث البناء والإعراب ),*,لا يؤثر حرف الصاد على بناء الكلمة أو إعرابها، بل يكون جزءًا من بنيتها اللغوية دون تغيير موقعها النحوي.,ص
الموقع الإعرابي للحرف,*,لا محل له من الاعراب دائما,ص
دور الحرف النحوي في الكلمة من حيث (التأنيث - التذكير),*,ليس لحرف الصاد أثر في تأنيث أو تذكير الكلمة.,ص
دور الحرف النحوي في الكلمة من حيث (الجمع - التثنية),*,لا يؤدي الجيم دورًا نحويًا في الكلمة من حيث (الجمع - التثنية),ص
دور الحرف النحوي في الكلمة من حيث (اللّزوم - التّعدي),*,حرف الصاد لا يحدد لزوم الفعل أو تعدّيه؛ قد يرد في فعل لازم أو متعدٍّ وفق المعنى.,ص
دور الحرف النحوي في الكلمة من حيث (النّسب - التّصغير),*,لا دور خاص للصاد في النسب أو التصغير؛ قد يظهر كحرف أصلي في الكلمة التي نُسبت أو صُغِّرت.,ص
دور الحرف النحوي في الكلمة (المصدر الميمي - صيغ المبالغة),*,لا أثر مستقل لحرف الصاد في تكوين المصدر الميمي أو صيغ المبالغة؛ إنما قد يرد في الجذر الأصلي فحسب.,ص
دور الحرف النحوي في الكلمة من حيث (اسم الفاعل - اسم المفعول),*,لا دور خاص للصاد في اسم الفاعل أو اسم المفعول؛ إذ قد يكون جزءًا من الجذر دون وظيفة نحوية إضافية.,ص
دور الحرف النحوي في الكلمة من حيث (الزمان - المكان),*,لا يغيّر حرف الصاد قواعد اشتقاق اسم الزمان والمكان؛ قد يكون من الجذر الذي صيغ منه الاسم.,ص
تأثيره على الكلمة ( من حيث البناء والإعراب ),*,حرف الضاد ليس عاملًا نحويًا ولا أثر له على الكلمة من حيث البناء والإعراب,ض
الموقع الإعرابي للحرف,*,لا محل لها من الاعراب دائما,ض
دور الحرف النحوي في الكلمة من حيث (التأنيث - التذكير),*,ليس لحرف الضاد أثر في تأنيث أو تذكير الكلمة.,ض
دور الحرف النحوي في الكلمة من حيث (الجمع - التثنية),*,لا يؤدي الضاد دورًا نحويًا في الكلمة من حيث (الجمع - التثنية),ض
دور الحرف النحوي في الكلمة من حيث (اللّزوم - التّعدي),*,لا يؤدي الضاد دورًا نحويًا في الكلمة من حيث (اللّزوم - التّعدي),ض
دور الحرف النحوي في الكلمة من حيث (النّسب - التّصغير),*,لا دور خاص للضاد في النسب أو التصغير؛ قد يكون جزءًا أصليًا من الكلمة التي نُسبت أو صُغِّرت.,ض
دور الحرف النحوي في الكلمة (المصدر الميمي - صيغ المبالغة),*,لا يؤدي الضاد دورًا نحويًا  في الكلمة من حيث  (المصدر الميمي - صيغ المبالغة),ض
دور الحرف النحوي في الكلمة من حيث (اسم الفاعل - اسم المفعول),*,لا يؤدي الضاد دورًا نحويًا في الكلمة من حيث (اسم الفاعل - اسم المفعول),ض
دور الحرف النحوي في الكلمة من حيث (الزمان - المكان),*,لا الضاد الجيم دورًا نحويًا  في الكلمة من حيث (الزمان - المكان),ض
تأثيره على الكلمة (من حيث البناء والإعراب),*,الطاء لا تؤثر في الإعراب,ط
الموقع الإعرابي للحرف,*,لا محل له من الإعراب دائمًا .,ط
دور الحرف النحوي في الكلمة من حيث (التأنيث - التذكير),*,ليس له دور من حيث التأنيث والتذكير,ط
دور الحرف النحوي في الكلمة من حيث (الجمع - التثنية),*,ليس له دور من حيث الجمع والتثنية .,ط
دور الحرف النحوي في الكلمة من حيث (اللزوم - التعدي),*,ليس لها دور فهو محدد يعود إلى حسب الفعل,ط
دور الحرف النحوي في الكلمة من حيث (النسب - التصغير),*,ليس له دور بالنسب والتصغير,ط
دور الحرف النحوي في الكلمة (المصدر الميمي - صيغ المبالغة),*,ليس له دور في المصدر الميمي وصيغ المبالغة,ط
دور الحرف النحوي في الكلمة من حيث (اسم الفاعل - اسم المفعول),*,ليس له دور,ط
دور الحرف النحوي في الكلمة من حيث (الزمان - المكان),*,ليس له دور,ط
تأثيره على الكلمة ( من حيث البناء والإعراب  ),*,حرف الظاء ليس عاملًا نحويًا ولا أثر له على الكلمة من حيث البناء والإعراب,ظ
الموقع الإعرابي للحرف,*,لا محل له من الإعراب دائمًا .,ظ
دور الحرف النحوي في الكلمة من حيث (التأنيث - التذكير),*,لا يوجد له دور من حيث التأنيث و التذكير فقط مع الصياغة,ظ
دور الحرف النحوي في الكلمة من حيث (الجمع - التثنية),*,لا يؤدي الظاء دورًا نحويًا في الكلمة من حيث (الجمع - التثنية),ظ
دور الحرف النحوي في الكلمة من حيث (اللّزوم - التعدي),*,لا يوجد له دور من حيث اللزوم و التعدي,ظ
دور الحرف النحوي في الكلمة من حيث (النسب - التصغير),*,لا يوجد له دور من حيث النسب و التصغير فقط مع الصياغة,ظ
دور الحرف النحوي في الكلمة (المصدر الميمي - صيغ المبالغة),*,لا يوجد له دور من حيث المصدر الميمي و صيغ المبالغة,ظ
دور الحرف النحوي في الكلمة من حيث (اسم الفاعل - اسم المفعول),*,لا يؤدي الظاء دورًا نحويًا في الكلمة من حيث (اسم الفاعل - اسم المفعول),ظ
دور الحرف النحوي في الكلمة من حيث (الزمان - المكان),*,لا يؤدي الظاءدورًا نحويًا في الكلمة ممن حيث (الزمان - المكان),ظ
تأثيره على الكلمة ( من حيث البناء والإعراب ),*,لا يؤثر حرف العين على الكلمة من حيث البناء والإعراب.,ع
الموقع الإعرابي للحرف,*,لا محل له من الإعراب دائمًا .,ع
دور الحرف النحوي في الكلمة من حيث (التأنيث - التذكير),*,لا يؤثر حرف العين وحده في التذكير أو التأنيث.,ع
دور الحرف النحوي في الكلمة من حيث (الجمع - التثنية),*,ليس له دور في صيغ الجمع والتثنية,ع
دور الحرف النحوي في الكلمة من حيث (اللّزوم - التّعدي),NULL,"الحرف ""العين"" لا يؤدي دورًا مباشرًا في تحديد لزوم الفعل أو تعدّيه.",ع
دور الحرف النحوي في الكلمة من حيث (النّسب - التّصغير),NULL,لا دور خاص للعين في النسب والتصغير.,ع
دور الحرف النحوي في الكلمة (المصدر الميمي - صيغ المبالغة),"مَفْعِل = مَوْعِد 
فَعّال = سَفّاح
عَلِيم = فَعِيل",حرف العين قد يكون جزءًا من أصل الوزن الذي يشتق منه المصدر الميمي أو صيغ المبالغة، مثل مَوْعِد (مَفْعِل)، أو سَفّاح (فَعّال).,ع
دور الحرف النحوي في الكلمة من حيث (اسم الفاعل - اسم المفعول),"مفعول = مضروب / معمول
فاعل = دافع / لاعب / شارك",قد يأتي حرف العين في أصل الوزن لاسم الفاعل أو المفعول (مثل فاعل ومفعول)؛ إذ يكون جزءًا من جذر الكلمة دون دلالة نحوية مستقلة.,ع
دور الحرف النحوي في الكلمة من حيث (الزمان - المكان),"مَفْعِل = مَوْعِد
مُسْتَفْعَل = مُسْتَودَع",يكون حرف العين حاضرًا في أوزان الزمان والمكان، سواء أكان في الجذر أم لا، دون دور نحوي مستقل.,ع
تأثيره على الكلمة ( من حيث البناء والإعراب ),*,لا يؤثر حرف الغين على الكلمة من حيث البناء والإعراب؛ إذ يبقى جزءًا من البناء اللغوي دون تغيير موقعها النحوي.,غ
الموقع الإعرابي للحرف,*,لا محل له من الإعراب دائمًا .,غ
دور الحرف النحوي في الكلمة من حيث (التأنيث - التذكير),*,لا يؤثر حرف الغين وحده في التذكير أو التأنيث، لكنه يظهر في بعض الألفاظ المؤنثة أو المذكرة حسب الاشتقاق والسياق.,غ
دور الحرف النحوي في الكلمة من حيث (الجمع - التثنية),*,لا دور له,غ
دور الحرف النحوي في الكلمة من حيث (اللّزوم - التّعدي),NULL,حرف الغين ليس له دور نحوي مباشر في تحديد اللزوم أو التعدّي، لكنه قد يرد ضمن فعل لازم أو متعدٍّ وفق المعنى.,غ
دور الحرف النحوي في الكلمة من حيث (النّسب - التّصغير),NULL,لا دور للغين في النسب والتصغير إلا إذا كان جزءًا من أصل الكلمة التي صُغرت أو نُسبت.,غ
دور الحرف النحوي في الكلمة (المصدر الميمي - صيغ المبالغة),*,لا دور له,غ
دور الحرف النحوي في الكلمة من حيث (الزمان - المكان),*,لا دور له,غ
تأثيره على الكلمة ( من حيث البناء والإعراب ),*,لا يؤثر حرف الفاء على بناء الكلمة أو إعرابها؛ إذ يكون جزءًا من بنيتها اللغوية أو الزيادة، دون تغيير في الإعراب.,ف
الموقع الإعرابي للحرف,*,لا محل له من الإعراب دائمًا .,ف
دور الحرف النحوي في الكلمة من حيث (التأنيث - التذكير),*,لا يؤثر حرف الفاء وحده في التذكير أو التأنيث؛ لكنه قد يرد في كلمات مذكرة أو مؤنثة وفق الاشتقاق.,ف
دور الحرف النحوي في الكلمة من حيث (الجمع - التثنية),*,لا دور له,ف
دور الحرف النحوي في الكلمة من حيث (اللّزوم - التّعدي),*,ليس للفاء دور نحوي مباشر في تحديد اللزوم أو التعدي، وقد يرد ضمن فعل لازم أو متعدٍّ (جفَّ، وصف).,ف
دور الحرف النحوي في الكلمة من حيث (النّسب - التّصغير),NULL,لا يؤثر حرف الفاء في التصغير والنسب، لكنه قد يكون جزءًا من الجذر أو الوزن الذي يصاغ منه التصغير أو النسبة.,ف
دور الحرف النحوي في الكلمة (المصدر الميمي - صيغ المبالغة),NULL,لا يؤثر حرف الفاء في المصدر الميمي وصيغ المبالغة، لكنه قد يظهر في الجذر أو الوزن الذي يتشكل منه المصدر أو المبالغة.,ف
دور الحرف النحوي في الكلمة من حيث (اسم الفاعل - اسم المفعول),NULL,لا يؤثر حرف الفاء في تكوين اسم الفاعل والمفعول، إنما يُعد جزءًا من الجذر أو الوزن الذي تصاغ منه الصيغة.,ف
دور الحرف النحوي في الكلمة من حيث (الزمان - المكان),NULL,لا يؤثر حرف الفاء في اسم الزمان واسم المكان، لكنه قد يظهر في الجذر أو الوزن الذي تُصاغ منه هاتان الصيغتان.,ف
تأثيره على الكلمة ( من حيث البناء والإعراب ),*,لا يؤثر حرف القاف على الكلمة من حيث البناء والإعراب.,ق
الموقع الإعرابي للحرف,*,لا محل له من الإعراب دائمًا .,ق
دور الحرف النحوي في الكلمة من حيث (التأنيث - التذكير),*,لا يؤثر حرف القاف وحده في التذكير أو التأنيث.,ق
دور الحرف النحوي في الكلمة من حيث (الجمع - التثنية),*,لا يؤثر,ق
دور الحرف النحوي في الكلمة من حيث (اللّزوم - التّعدي),*,لا يؤثر,ق
دور الحرف النحوي في الكلمة من حيث (النّسب - التّصغير),*,لا دور له في النسب والتصغير.,ق
دور الحرف النحوي في الكلمة (المصدر الميمي - صيغ المبالغة),*,لا دور له في تكوين المصدر الميمي أو صياغة المبالغة.,ق
دور الحرف النحوي في الكلمة من حيث (اسم الفاعل - اسم المفعول),*,لا يؤثر القاف في صياغة اسم الفاعل واسم المفعول.,ق
دور الحرف النحوي في الكلمة من حيث (الزمان - المكان),*,الحرف القاف لا يغيّر قواعد اشتقاق اسم الزمان والمكان.,ق
تأثيره على الكلمة ( من حيث البناء والإعراب ),رأيته كالغزالِ,الكاف يستخدم في الأسماء، ويؤثر على الإعراب فيكون حرف جرّ يغير الموقع الإعرابي للاسم وحركته,ك
الموقع الإعرابي للحرف,*,لا محل له من الإعراب,ك
دور الحرف النحوي في الكلمة من حيث (التأنيث - التذكير),"رأيتكَ ( بالفتح للمكر )
رأيتكِ  ( بالكسر للمؤنث )",حرف الكاف ( في صيغة الخطاب ) يؤثر في التذكير والتأنيث، حسب الضبط وبنية الكلمة,ك
دور الحرف النحوي في الكلمة من حيث (الجمع - التثنية),*,لا دور له,ك
دور الحرف النحوي في الكلمة من حيث (اللّزوم - التّعدي),*,لا دور له,ك
دور الحرف النحوي في الكلمة من حيث (النّسب - التّصغير),*,لا دور له,ك
دور الحرف النحوي في الكلمة (المصدر الميمي - صيغ المبالغة),*,لا دور له,ك
دور الحرف النحوي في الكلمة من حيث (اسم الفاعل - اسم المفعول),*,لا دور له,ك
دور الحرف النحوي في الكلمة من حيث (الزمان - المكان),*,لا دور له,ك
دور الحرف النحوي عند دخوله على الكلمة,محمدٌ كالأسدِ في إقدامه .,يدخل حرف الكاف (كحرف جر يفيد التشبيه) على الأسماء ويجرها فيصبح الاسم بعدها مجرورا بحرف الجر الكاف .,ك
تأثيره على الكلمة ( من حيث البناء والإعراب ),"لَيفعلنَّ (لام التوكيد)
لِلرياضة فوائد عديدة",اللام تُستخدم في الأفعال والأسماء، وتؤثر على الإعراب. تأتي أحيانًا كـ لام التوكيد أو لام التعليل، فتُغيّر موقع الإعراب أو تؤكده وقد تأتي كحرف جر .,ل
الموقع الإعرابي للحرف,*,لا محل له من الإعراب دائمًا كحرف في بنية الكلمة.,ل
دور الحرف النحوي في الكلمة من حيث (التأنيث - التذكير),NULL,لا تؤثر اللام وحدها في التأنيث والتذكير.,ل
دور الحرف النحوي في الكلمة من حيث (الجمع - التثنية),*,لا دور له,ل
دور الحرف النحوي في الكلمة من حيث (اللّزوم - التّعدي),*,لا دور له,ل
دور الحرف النحوي في الكلمة من حيث (النّسب - التّصغير),NULL,لا دور له,ل
دور الحرف النحوي في الكلمة (المصدر الميمي - صيغ المبالغة),*,لا دور له,ل
دور الحرف النحوي في الكلمة من حيث (اسم الفاعل - اسم المفعول),"كاتب (فاعل)، مكتوب (مفعول)
لاعب (اسم فاعل)، ملعون (اسم مفعول)",قد تظهر اللام في أوزان اسم الفاعل والمفعول (لام الفعل) بحسب الأفعال التي تُشتق منها هذه الأسماء دون دور نحوي مستقل.,ل
دور الحرف النحوي في الكلمة من حيث (الزمان - المكان),"مطلع الشمس (اسم زمان)
مهبط الطائرة (اسم مكان)",تدخل اللام في أوزان أسماء الزمان والمكان، سواء كانت ضمن الجذر أو الصيغة، دون أن تكون علامة خاصة على الزمان أو المكان.,ل
تأثيره على الكلمة ( من حيث البناء والإعراب ),*,الميم قد تكون أصلية أو زائدة.,م
الموقع الإعرابي للحرف,*,لا محل له من الإعراب دائمًا .,م
دور الحرف النحوي في الكلمة من حيث (التأنيث - التذكير ),*,لا دور لحرف الميم,م
دور الحرف النحوي في الكلمة من حيث (الجمع - التثنية ),*,لا دور لحرف الميم,م
دور الحرف النحوي في الكلمة من حيث (اللّزوم - التّعدي ),*,لا دور لحرف الميم,م
دور الحرف النحوي في الكلمة من حيث ( النّسب - التّصغير ),NULL,لا دور لحرف الميم,م
دور الحرف النحوي في الكلمة ( المصدر الميمي - صيغ المبالغة ),مَضرَب (مصدر ميمي)، مِقدام (صيغة مبالغة),تدخل الميم في صيغة المصدر الميمي وصيغ المبالغة.,م
دور الحرف النحوي في الكلمة من حيث (اسم الفاعل - اسم المفعول ),كَلَّمَ → مُكَلِّم (اسم فاعل)، مُكَلَّم (اسم مفعول). مُجتهد (اسم فاعل)، مكتوب (اسم مفعول),تدخل في اشتقاقات أسماء الفاعل والمفعول، حيث تبدأ بها وتدل على الفاعلية أو المفعولية.,م
دور الحرف النحوي في الكلمة من حيث ( الزمان - المكان ),موعد (زمان)، موقف (مكان),تدخل الميم في صيغ المفعول للدلالة على الزمان والمكان.,م
تأثيره على الكلمة ( من حيث البناء والإعراب ),"يكتبُ → يكتبنَ
لا تكتبنَّ
هما يكتبان
يحفظُني (نون الوقاية)",النون قد تكون جزءًا غير أصيل (زائد) في الكلمة لأغراض نحوية أو صرفية، أو علامة إعرابية (نون التوكيد، نون النسوة، نون الوقاية، نون الأفعال الخمسة، إلخ).,ن
الموقع الإعرابي للحرف,*,لا محل له من الإعراب دائمًا .,ن
دور الحرف النحوي في الكلمة من حيث (التأنيث - التذكير ),هو يكتبُ - هنّ يكتبنَ,نون النسوة: ضمير متصل يستخدم للدلالة على جمع الإناث، بينما لا تؤثر النون المذكرة.,ن
دور الحرف النحوي في الكلمة من حيث (الجمع - التثنية ),يشربُ → يشربون (جمع) - يشربان (تثنية) - مهندس → مهندسون (جمع) - مهندسان (تثنية),تأتي النون ملحقة بواو الجماعة للدلالة على الجمع وبألف الاثنين للدلالة على المثنى، للأفعال والأسماء.,ن
دور الحرف النحوي في الكلمة من حيث (اللّزوم - التّعدي ),كسرَ (متعدٍّ) → انكسَرَ (لازم),تحول الفعل من متعدٍ إلى لازم عند صيغة المطاوعة (انفعل). مثال: كسرَ → انكسَرَ.,ن
دور الحرف النحوي في الكلمة من حيث ( النّسب - التّصغير ),*,لا تُستخدم النون علامةً مباشرة للتصغير .,ن
دور الحرف النحوي في الكلمة ( المصدر الميمي - صيغ المبالغة ),*,لا دور له,ن
دور الحرف النحوي في الكلمة من حيث (اسم الفاعل - اسم المفعول ),"مُنكَسِر = اسم فاعل
مُنكسَر عنه = اسم مفعول",تظهر النون في بعض صيغ اسم الفاعل والمفعول كحرف زائد أو أصيل، فتؤثر في بنية التصريف دون تغيير المعنى النحوي الأساسي.,ن
دور الحرف النحوي في الكلمة من حيث ( الزمان - المكان ),منزل - منبع - منجم,تظهر النون في اسم المكان (أو الزمان) كحرف أصلي غير زائد، للدلالة على موضع أو وقت مُعيَّن.,ن
تأثيره على الكلمة ( من حيث البناء والإعراب ),"أكرمتُهُ (ضمير متصل في محل مفعول به)
هو قائمٌ (ضمير منفصل في محل مبتدأ)",الهاء تأتي غالبًا كضمير متصل أو منفصل، وهي مبنية دائمًا. لا تغيّر بنية الكلمة من حيث البناء أو الإعراب، لكن قد تشغل موقعًا إعرابيًا مختلفًا تبعًا للسياق.,ه
الموقع الإعرابي للحرف,"رأيتهُ (في محل نصب مفعول به)
كتابهُ جميلٌ (في محل جر مضاف إليه)
هو طالبٌ (في محل رفع مبتدأ)",الهاء قد تأتي ضميرًا متصلًا في محل رفع أو نصب أو جر حسب السياق، خاصة عندما تكون ضميرًا غائبًا.,ه
دور الحرف النحوي في الكلمة من حيث (التأنيث - التذكير ),*,لا دور له,ه
دور الحرف النحوي في الكلمة من حيث (الجمع - التثنية ),*,لا دور له,ه
دور الحرف النحوي في الكلمة من حيث ( االلزوم - التّعدي ),*,لا دور له,ه
دور الحرف النحوي في الكلمة من حيث ( النّسب - التّصغير ),*,لا دور له,ه
دور الحرف النحوي في الكلمة ( المصدر الميمي - صيغ المبالغة ),*,لا دور له,ه
دور الحرف النحوي في الكلمة من حيث (اسم الفاعل - اسم المفعول ),*,لا دور له,ه
دور الحرف النحوي في الكلمة من حيث ( الزمان - المكان ),*,لا دور له,ه
تأثيره على الكلمة (من حيث البناء والإعراب),"حضر محمد و فهد (الواو حرف عطف)
فهد: اسم معطوف",تؤثر الواو في البناء والإعراب حسب نوعها (عطف، حال، قسم...). قد تجزم أو ترفع حسب السياق، أو تعمل على ربط المعطوف بالمعطوف عليه.,و
الموقع الإعرابي للحرف,*,لا محل له من الإعراب دائمًا .,و
دور الحرف النحوي في الكلمة من حيث (التأنيث - التذكير),_______,ليس لها دور نحوي بالتذكير والتأنيث.,و
دور الحرف النحوي في الكلمة من حيث (الجمع - التثنية),"مهندس → مهندسون
ممرض → ممرضون",تأتي الواو علامة رفع لجمع المذكر السالم في الأسماء والأفعال (عند الأفعال الخمسة)، لكنها لا علاقة لها بالتثنية.,و
دور الحرف النحوي في الكلمة من حيث (اللّزوم - التّعدي),وقف، وقع، وزن,ليس للواو دور في اللزوم أو التعدي.,و
دور الحرف النحوي في الكلمة من حيث (النّسب - التصغير),*,ليس لها دور واضح في النسب أو التصغير.,و
دور الحرف النحوي في الكلمة (المصدر الميمي - صيغ المبالغة),*,ليس للواو دور نحوي في تكوين المصدر الميمي أو صيغ المبالغة.,و
دور الحرف النحوي في الكلمة من حيث (اسم الفاعل - اسم المفعول),*,لا دور مميز للواو؛ تظهر فقط بوصفها جزءًا من الجذر أو مشتقة منه دون أن تؤثر نحويًا.,و
دور الحرف النحوي في الكلمة من حيث (الزمان - المكان),*,ليس للواو دور في اشتقاق أسماء الزمان أو المكان.,و
تأثيره على الكلمة ( من حيث البناء والإعراب ),لَدَيّ، عَلَيَّ، بِيَدَيَّ، يَجْنِي، بِأَبِيك,الإعراب عند النحاة هو أثر ظاهر أو مقدر يجلبه العامل في أواخر الكلمات المعربة. ويمكن أن تكون الياء علامة إعراب في بعض المواضع المنقوصة، أو تظهر كسرة مقدرة مثل في الفعل (يجني) واسم المضاف إلى ياء المتكلم (قلمي).,ي
الموقع الإعرابي للحرف,*,لا محل له من الإعراب,ي
دور الحرف النحوي في الكلمة من حيث (التأنيث - التذكير ),*,الياء لا تؤثر على الكلمة من حيث التأنيث والتذكير.,ي
دور الحرف النحوي في الكلمة من حيث ( الجمع - التثنية ),*,لا يؤثر,ي
دور الحرف النحوي في الكلمة من حيث ( االلزوم - التّعدي ),*,لا يؤثر,ي
دور الحرف النحوي في الكلمة من حيث ( النّسب - التّصغير ),"قرد → قُرَيْدٌ
خندق → خُنَيْدِقٌ
قنديل → قُنَيْدِيلٌ
مصريّ (نسبة إلى مصر)",في التصغير يُضاف حرف الياء إلى بنية الكلمة في الأوزان (فُعَيْل، فُعَيْعِل، فُعَيْعِيل)، كما تُستخدم ياء النسب (ياء مشددة) للدلالة على الانتماء، مثل مصريّ من مصر.,ي
دور الحرف النحوي في الكلمة (المصدر الميمي - صيغ المبالغة ),*,لا يؤثر,ي
دور الحرف النحوي في الكلمة من حيث (اسم الفاعل - اسم المفعول),رَجَي - رَاجٍِ -مرجيّ// شَكِي - شَاكٍِ -مشكيّ// نجى - نَاجٍِ -منجيّ// قضى -قَاضٍِ-مقضيّ // بَاعَ - بائع -مَبِيع // سَعَى -ساعٍ- مَسْعِيّ,إذا كان الفعل الثلاثي معتلَّ الوسط أو الآخر بحرف علة، تُقلب حرف العلة لياء عند اشتقاق اسم الفاعل (صام → صائم، ذاع → ذائع). أما إذا كان الفعل منتهيًا بحرف علة آخره ياء (رَجَي، شَكِي)، يصبح اسم الفاعل (راجٍ، شاكٍ). وتحذف الياء عند الرفع أو الجر إذا كان نكرة (راجٍ)، وتبقى عند النصب أو التعريف (شاكياً، القاضي). في اسم المفعول أيضاً تظهر الياء من بنية الكلمة (بنى → مبنيّ، سعى → مسعيّ، باع → مبيع).,ي
دور الحرف النحوي في الكلمة من حيث (الزمان - المكان ),بَيْت( اسم مكان ) // اللَيْل( اسم زمان ),حرف الياء لا يؤثر على دلالة الزمان أو المكان مباشرة؛ إنما يكون جزءًا من بنية الكلمة مثل بيت (اسم مكان) أو الليل (ظرف زمان).,ي
تأثيره على الكلمة ( من حيث البناء والإعراب ),"أنا، متى، هذا
""الفَتَى""، ""العَصَا""
الفَتَى مُجتهدٌ (مرفوع بضمة مقدرة)
رَأيتُ الفتى (منصوب بفتحة مقدرة)
مَرَرتُ بالفتى (مجرور بكسرة مقدرة)
فَتَى → فَتَيان
عَصَا → عَصَوان (رفع) وعَصَوين (نصب وجر)
دَعَا، سَعَى، بَنَى
لمْ يَسعَ (حذف الألف للجزم)
لا تدعُ إلى","حرف الألف يؤثر على الكلمة من حيث البناء والإعراب، وذلك حسب موقعه في الكلمة ونوع الكلمة التي يظهر فيها. في الأسماء المبنية مثل ""أنا""، ""متى""، ""هذا"" لا تؤثر الألف في الإعراب لأنها مبنية. أما في الأسماء المقصورة مثل ""الفتى""، ""العصا""، فتُقدَّر الحركات على الألف منعًا من ظهورها للتعذّر. وعند التثنية، تتحول الألف إلى ياء أو واو (حسب الأصل) في كلمات مثل ""فتى"" (فتيان) و""عصا"" (عصوان/عصوين). 

بالنسبة للأفعال المعتلة بالألف (الناقص والأجوف)، يظهر تأثير الألف في الإعراب من خلال حذفها في حالة الجزم والأمر: لم يسعَ، لا تدعُ، اسعَ. وفي حالتي الرفع والنصب تبقى الألف: يسعى، لن يسعى. أما الحروف المحتوية على الألف فلا يؤثر فيها لأنها مبنية. باختصار، الألف تؤثر في البناء والإعراب، خاصة في الأسماء المقصورة والأفعال المعتلة، حيث تمنع ظهور الحركات الإعرابية أو تؤدي إلى حذفها في بعض الحالات.",ا
الموقع الإعرابي للحرف,NULL,لا محل له من الإعراب دائمًا .,ا
دور الحرف النحوي في الكلمة من حيث (التأنيث - التذكير ),كُبْرَى ، حَبْلَى، سَلْوَى، ذِكْرَى,حرف الألف من علامات التأنيث في الاسم .,ا
دور الحرف النحوي في الكلمة من حيث (الجمع - التثنية),"طَالِب → طَالِبَان
كِتَاب → كِتَابَان
طَالِبَة → طَالِبَات
مُعَلِّمَة → مُعَلِّمَات",حرف الألف له دور نحوي مهم في الجمع والتثنية، ويظهر تأثيره في عدة مواضع. على سبيل المثال، في حالة التثنية، تكون الألف علامة الرفع: طالب → طالبان، كتاب → كتابان، وفي حالتي النصب والجر يُقلب حرف الألف إلى ياء: طالبين، كتابين. أما في جمع المؤنث السالم، فيُضاف ألف وتاء للكلمة عند جمعها: طالبة → طالبات، معلمة → معلمات.,ا
دور الحرف النحوي في الكلمة من حيث (اللّزوم - التّعدي),"طَال، رَاحَ، اغْتَدَى، انْصَرَفَ، انْفَلَجَ
احْمَرّ، اسْوَدَّ، ابْيَضَّ، اصْفَرَّ
سَافَرْتُ إلى الشَامِ",الفعل اللازم هو ما يكتفي بفاعله ولا ينصب مفعولًا به، مثل: طال، راح، احمرّ، اسودّ. أما الفعل المتعدي فيحتاج إلى مفعول به، مثل: سافرتُ إلى الشام (مع جرّ بالحرف). وجود حرف الألف في بعض الأفعال اللازمة أو المتعدية قد يكون من بنية الفعل، لكنه لا يغيّر من كونه لازمًا أو متعديًا.,ا
دور الحرف النحوي في الكلمة من حيث (النّسب - التصغير),"صَحْرَاء → صَحْرَاوِيّ
بِنَاء → بِنَائِيّ
فَتَى → فَتَوَيّ
دَعَا → دِعَائِيّ
سَمَا → سَمَاوِيّ
صَحْرَاء → صُحَيْرَاء
حَمْرَاء → حُمَيْرَاء
عَصَا → عُصَيَّة
دَعَا → دُعَيٌّ","في النّسب، إذا كانت الألف زائدة (مثل ألف التأنيث الممدودة أو المقصورة)، تُقلب ياءً عند النسب: صحراء → صحراويّ، بناء → بنائيّ. أما إذا كانت الألف أصلية، فتبقى كما هي: دعا → دعائيّ، سما → سماويّ.

في التصغير، الألف الزائدة تُقلب واوًا في الغالب: صحراء → صُحيراء، حمراء → حُميراء. وإذا كانت الألف أصلية، فقد تُحذف أو تُقلب حسب القواعد: عصا → عُصَيَّة، دعا → دُعَيٌّ.",ا
دور الحرف النحوي في الكلمة (المصدر الميمي - صيغ المبالغة),"مَقال (من قَال)
مَآب (من آب)
مَقام ← من ""قَام""
مَسار ← من ""سَار""
فَعّال: غفّار، ضرّاب، همّام
مِفعال: مِقْدَام، مِعْطَاء، مِسْعَاف",في المصدر الميمي، قد تكون الألف جزءًا أصليًا من الجذر اللغوي، مثل: مَقال (من قال)، مَآب (من آب)، وقد تكون حرف علة يُقلب أو يُحذف في أثناء التصريف، مثل: مَقام (من قام)، مَسار (من سار). أما في صيغ المبالغة، فقد تظهر الألف كعنصر أصلي في الجذر أو كجزء من الوزن، مثل: فَعّال (غفّار)، مِفعال (مِقْدَام، مِعْطَاء).,ا
دور الحرف النحوي في الكلمة من حيث (اسم الفاعل - اسم المفعول),"كَتَبَ = كَاتِب
دَرَسَ = دارِس
عَمِلَ = عَامِل",يظهر حرف الألف غالبًا في بناء اسم الفاعل للفعل الثلاثي، حيث يُضاف بعد حرفه الأول، مثل: كتب → كاتب، درس → دارس، عمل → عامل. في اسم المفعول (مكتوب، مدروس، معمول)، قد يختلف موقع الألف تبعًا لبنية الفعل وأصل حروفه، لكن دوره يرتبط بتشكيل الصيغة؛ فإذا كان الفعل أجوف أو ناقصًا، قد تحدث تغييرات في موضع الألف أو في شكلها.,ا
دور الحرف النحوي في الكلمة من حيث (الزمان - المكان),"طَالَ (يمتد الحدث)
دَامَ (إيحاء بالدوام)
نَامَ (فعل يحدث خلال فترة)
صَحْرَاء (مكان واسع)
فَضَاء (يوحي بالامتداد)
بِحَار (توحي بالامتداد المكاني الشاسع)
سَارَ (التحرك لمسافة)
غَابَ (يوحي بالبعد)",يسهم حرف الألف في إطالة النطق، فيوحي أحيانًا بامتداد الزمن، مثل: طال (يدل على استمرار الحدث)، دام (استمرار طويل). وكذلك قد يُعطي إيحاء بالاتساع المكاني، مثل: صحراء، فضاء (أماكن واسعة). كما توحي الألف بالبعد أو الانتشار في أفعال مثل: سار (التحرك لمسافة طويلة)، غاب (الابتعاد أو الاختفاء).,ا