category,description,examples,notes,phoneme_char
طريقة النّطق,الهمزة حرف شديد ، وذلك لطبيعة مخرجها المحكم الإغلاق ، فبمجرد التصادم بين طرفيه ؛ ينغلق المخرج تماماً ، وينغلق معه الحبلان الصوتيان ويحتبس خلفهما الهواء والصوت نتيجة لإعاقتهما إعاقة تامة. والهمزة كذلك حرف مجهور ، يعلو بها الصوت عند النطق بها مِن قوة جهرها لقوة الاعتماد على طرفي مخرجها ، نتيجة لقوة انضغاط هذا المخرج مع قُـرْبِهِ الشديد من الحنجرة.,"مأخوذ
مُؤْصَدَة
سُئِلَ",,ء
تسهيل نطق الحرف,يتم تسهيل الهمزة في بعض اللهجات والعامية لتخفيف النطق، عند تسهيل نطق الهمزة نقوم بإنشاء حرف بين الهمزة والحرف الذي يجانس حركتها فهو عبارة عن جعل الهمزة المحققة بينها وبين الحرف الذي تولدت منه حركتها فتسهّل الهمزة المفتوحة بينها وبين الألف والمضمومة بينها وبين الواو والمكسورة بينها وبين الياء والتسهيل لا يحكم النطق به إلا مشافهة,مسألة → مساله، مسؤول → مسوول، رأس → راس ، مُّؤْصَدَةٌۢ =  مُوصَدَةٌۢ,,ء
الإبدال,الابدال في الهمزة له عدة أوجه ومنها أن تُبدل الواو والياء همزة إذا كانت الواو أو الياء متطرفتين وكان قبلهما ألف زائدة,"مثل: دعاء = دعاو
بناء = بناي",,ء
الإعلال,ليس من حروف الإعلال,*,,ء
الإقلاب,ليس من حروف الإقلاب,*,,ء
الحذف,لا يوجد حذف,*,,ء
الحرف في اللهجات,الابدال بين الهمزة والعين لاتحدهما بالمخرج وبصفة الجهر عند تميم وقيس وأسد وفي رواية الفراء  أن هذه الهمزة لابد أن تكون مفتوحة وقد سميت بالعنعنة ولكن قد تكون مضمومة عند تميم,"أعَن ترسمت من فرقاء منزلة ... = أأن
وأشهد عنَّك لرسول الله = أنَك
عُنْوان = أُنْفُوان",,ء
طريقة النطق,هو شفوي - انفجاري - مجهور يخرج بانطباق الشفتين وفتح مجرى الصوت ،يعتبر الحرف الثاني من حروف الهجاء ،وهو حرف قمري,بّدر - زينبُ - بَات - تبوّأ - شرب,,ب
تسهيل نطق الحرف,الإبدال بين الباء والدال للماثلة بين الصوتين,بني عبد شمس = بني عبّ شمس,,ب
الإعلال,ليس من حروف الإعلال,*,,ب
طريقة النطق,صوت نطعي أسناني لثوي انفجاري مهموس، يمكن أن يتأثر بالحروف التي حوله حال النطق بحيث إن جاوره حرفًا مفخمًا يجعله أقوى إلا أنه لا يصبح مفخمًا بل يتأثر به بعض الشيء ليس أكثر,تِين \ زَيْتُون \ تُوت,,ت
تسهيل نطق الحرف,قد تم تسهيل نطق الحرف عند العديد من اللهجات العربية رغم سهولته، إلا أن بعض اللهجات تنطقه دالًا وبعضها طاء,تِلْكَ = دِلْكَ,,ت
الإبدال,إبدال تاء افتعل بحرف الطاء، وإبدال التاء المربوطة في نهاية الكلمة هاء في حال الوقف,"صَبَرَ = اصْطتبر (قُلبت تاء الافتعال طاء وادغمت الطاء بالطاء فأصبحت اصْطَبَرَ)
لُعْبَةٌ = في حال الوقف تكون لُعْبَه",,ت
الإعلال,ليس من حروف الإعلال,*,,ت
الإقلاب,ليس من حروف الإقلاب,*,,ت
طريقة النطق,حرف أسناني مهموس يخرج بوضع اللسان بين الأسنان.,ثوب، مثل، ثلاث,,ث
تسهيل نطق الحرف,يتم تسهيل نطق الثاء في اللهجات العامية.,"مثل: ""ثلاثة"" ← ""تلاتة""، ثوب → توب",,ث
طريقة النطق,وسط اللسان وما يحاذيه من الحنك الأعلى ويخرج منه الحروف الشجرية ، وتسمى الشجرية تم إخراجها من بين اللحيين وتُشترك في صفات من بينها الصفير.,جُلودَهم,,ج
تسهيل نطق الحرف,تم تسهيل حرف الجيم إلى الياء لاشتراكهما في المخرج ولأن صوت الياء أوضح.,"جَارَ = يَارَ
يَجْزِيَه = يَيْزِيَه
شَيَرَةَ بدلًا من شَجَرَةَ",,ج
الإبدال,"إبدال الجيم من الحرف الأعجمي  (بين الكاف والجيم ) لقرب الجيم من الحرف الأعجمي ولأن الحرف الأصلي ليس من حروف الفرس
ظهر الإبدال عند العرب بحرف الجيم على ثلاث هيئات: أبدلت من الحاء (أحمَّ → أجمَّ)، أبدلت من الشين (""شرّ ما أجاءك""→ ""شرّ ما أشاءك"")، أبدلت من القاف (البوائق → البوائج). كما أبدلت الجيم من الياء (""شجرة""→ ""شيرة"" عند بعض القبائل).","(قال سيبويه: نحو الجربز والآجر والجورب)
أحمَّ الأمر → أجمَّ الأمر
شرٌ ما أجاءك → شرٌ ما أشاءك
البوائق → البوائج
شَجَرَة → شَيَرَة",,ج
الإعلال,ليس من حروف الإعلال,*,,ج
الإقلاب,ليس م حروف الإقلاب,*,,ج
طريقة النطق,صوت حلقيّ احتكاكيّ مهموس، ينطق بتضييق المجرى الهوائي في الفراغ الحلقي عند النطق به، بحيث يحدث مرور الهواء احتكاكا، ولا تتذبذب الأوتار الصوتية حال النطق به. والحاء من الحروف القمرية؛ تظهر معه لام (أل) التعريف نطقًا وكتابة,الحَلق -حَرَج- بَرِحَ,,ح
تسهيل نطق الحرف,تسهيل نطق حرف الحاء بالعين لاتحادهما بالمخرج,اللعَمُ الأعَمَرُ أعسن من اللعم الأبيض = اللحَمُ الأحْمَرُ أحْسَن من اللحَمِ الأبْيَض,,ح
طريقة النطق,هو حرف مهموس رخو منفتح وهو من حروف الهجاء في اللغة العربية يخرج أدنى الحلق فتقوم مؤخرة اللسان بإعاقة (ليس حبس) مجرى الهواء مع اللهاة، لتسمح باحتكاك الهواء وإنتاج صوت.,"خَلَقَ
مُخْتَرِق
خَبِير",,خ
تسهيل نطق الحرف,يتم تسهيل نطق الخاء في بعض اللهجات ، الإبدال بين الخاء والهاء لاتحادهما بالمخرج بالإضافة.,"خليل → حليل
المُطَرخِم = المُطَرهَم",,خ
الإبدال,"يتم استبدال الخاء بحروف أخرى في بعض السياقات.
الإبدال بين الخاء والهاء لاتحادهما بالمخرج بالإضافة.","خميس → حميس
المُطَرخِم = المُطَرهَم",,خ
الإعلال,ليس من حروف الإعلال,*,,خ
الإقلاب,ليس من حروف الإقلاب,*,,خ
طريقة النطق,حرف لثوي مجهور يخرج بوضع طرف اللسان خلف الأسنان العلوية.,درب، دليل، دائم,,د
تسهيل نطق الحرف,الإبدال بين الباء والدال للماثلة بين الصوتين.,بني عبد شمس = بني عبّ شمس,,د
الإعلال,ليس من حروف الإعلال,*,,د
الإقلاب,ليس من حروف الإقلاب,*,,د
طريقة النطق,حرف لثوي مجهور يخرج بوضع طرف اللسان مع أطراف الثنايا العليا .,ذهب، ذلك، ذوق,,ذ
تسهيل نطق الحرف,يتم تسهيل نطق الذال في بعض اللهجات.,ذهب → زهب,,ذ
الإبدال,يتم استبدال الذال بحروف أخرى في بعض السياقات، و إبدال الذال بالدال في كلمة: الذألان (ضرب من السير) = الدألان.,ذلك → زلك - الذَألان = الدَألان,,ذ
الإعلال,ليس من حروف الإعلال,*,,ذ
الإقلاب,ليس من حروف الإقلاب,*,,ذ
طريقة النطق,هو حرف مجهور رخو منفتح وهو من حروف الهجاء في اللغة العربية، يخرج من طرف اللسان مع شيء من ظهره وما يحاذيه من لثة الأسنان العليا.,"هَرَبَ
رَكَضَ
عُصفُور",,ر
تسهيل نطق الحرف,ترقق الراء لفظا إذا كانت: ساكنة للوقف وقبلها مكسور,﴿لِّيُنذِرَ﴾,,ر
الإبدال,الإبدال بين الراء واللام للتماثل الصوتي.,الرَثِيد = اللَثِيد,,ر
طريقة النطق,الزاي حرف أسناني مجهور يخرج من طرف اللسان فوق الثنايا السفلى مع إبقاء حيز ضيق بين سطح اللسان ،الحنك الأعلى لمرور الهواء هاربًا.,زمن، زهر، زجاج,,ز
تسهيل نطق الحرف,يتم تسهيل نطق الزاي في بعض اللهجات.,زهر → سهر,,ز
الإبدال,يتم استبدال الزاي مكان السين لدى قبيلة كلب بشرط وجود حرف القاف بعد الزاي,زقر - سقر,,ز
الإعلال,ليس من حروف الإعلال,*,,ز
الإقلاب,ليس من حروف الإقلاب,*,,ز
طريقة النطق,حرف أسناني – لثوي – احتكاكي – مهموس يُنطق بمرور الهواء بين اللسان واللثة العلوية.,سَبيل، سَماء.,,س
تسهيل نطق الحرف,يتم تسهيل نطق السين في بعض اللهجات، وفي بعض اللهجات قد يُخفف نطقه أو يقترب من الصاد في بعض السياقات الصوتية.,"سلام → ثلام
في بعض مناطق الجزيرة العربية، يُنطق السين قريبًا من الصاد في السِّماء (السماء).",,س
الإبدال,ليس من حروف الإبدال,*,,س
الإعلال,ليس من حروف الإعلال,*,,س
الإقلاب,ليس من حروف الإقلاب,*,,س
طريقة النطق,الشين حرف شجري يخرج من وسط اللسان مع ما يحاذيه من اللثة العليا,شمس، شارع، شراب,,ش
تسهيل نطق الحرف,يتم تسهيل نطق الشين في بعض اللهجات.,شمس → سمس,,ش
الإبدال,ليس من حروف الإبدال,*,,ش
الإعلال,ليس من حروف العلة,*,,ش
الإقلاب,ليس من حروف الإقلاب,*,,ش
طريقة النطق,الصاد حرف أسناني مفخم يخرج من طرف اللسان فوق الثنايا السفلى مع إبقاء حيز ضيق بين سطح اللسان ،الحنك الأعلى لمرور الهواء هاربًا.,صوت، صلاة، صديق,,ص
تسهيل نطق الحرف,يتم تسهيل نطق الصاد في بعض اللهجات.,صوت → سوت,,ص
طريقة النطق,حرف مجهور مُطبَق مُصمت وهو من حروف الهجاء، يخرج من إحدى حافتي اللسان (واليسرى أيسر) مع ما يحاذيه من الأضراس العليا، ويُعَدّ من أدق حروف العربية نطقًا.,"صَدَقَ
صَبَرَ
الصفاء
صَاعِق",,ض
تسهيل نطق الحرف,الإبدال بين الضاد والصاد لقرب المخرج.,الضِئبل = الصِئبل,,ض
الإبدال,الإبدال بين الضاد والصاد لقرب المخرج.,الضِئبل = الصِئبل,,ض
الإعلال,ليس من حروف الإعلال,*,,ض
الإقلاب,ليس من حروف الإقلاب,*,,ض
طريقة النطق,تقوم اللهاة بإغلاق مجرى الأنف ويقوم اللسان بإغلاق مجرى الهواء عند اللثة العليا.,طاووس، طاولة، طين,,ط
تسهيل نطق الحرف,يبدأ التدريب على حرف التاء، بعدها الانتقال تدريجيًا لصوت الدال ثم الطاء.,تين ⬅دين⬅طين,,ط
الإبدال,أُبدِلت الطَّاء من تاء الضَّمير بعد الطاء والصاد.,تقول: فَحَصْطُ وخَبَطُّ في: فَحَصْتُ، وخَبَطْتُ,,ط
الإعلال,ليس من حروف الإعلال,*,,ط
الإقلاب,ليس من حروف الإقلاب,*,,ط
طريقة النطق,الظاء حرف أسناني مفخم، يخرج من رأس اللسان ومن أطراف الثنايا العليا .,ظلم، ظبي، ظرف,,ظ
تسهيل نطق الحرف,يتم تسهيل نطق الظاء في بعض اللهجات.,ظبي → ضبي,,ظ
الإبدال,الإبدال الصوتي الظاء والضاد والذال والظاء في منظقة ناعور,"ظرف → ضرف- نضر بدل نظر , ضهر بدل ظهر- هذا= هاظا",,ظ
الإعلال,ليس من حروف الإعلال,*,,ظ
الإقلاب,ليس من حروف الإقلاب,*,,ظ
طريقة النطق,وهو حرف مجهور متوسط منفتح وهو من حروف الهجاء في اللغة العربية يخرج من وسط الحلق.,"عَبَرَ
جَعَلَ
أقْنَعَ",,ع
تسهيل نطق الحرف,الإبدال بين العين والنون لاشتراكهما في صفتي الجهر والتوسط.,"أَعْطِينِي = أنْطِينِي
من المُنطِيات الموكب...",,ع
الإبدال,إبدال العين والجيم، مثل: الأصلج بدلًا من الأصلع.,الأصْلَج = الأصْلَع,,ع
الإعلال,ليس من حروف العلة,*,,ع
الإقلاب,ليس من حروف الإقلاب,*,,ع
طريقة النطق,هو حرف مجهور رخو منفتح وهو من حروف الهجاء في اللغة العربية، يخرج من أدنى الحلق، حيث تلتقي مؤخرة اللسان مع اللهاة مع اهتزاز الحبال الصوتية.,"غَبَرَ
غَدَقَ
غَدِيرْ",,غ
تسهيل نطق الحرف,الإبدال بين الغين والهاء لاتحادهما في المخرج؛ قد يُسَهِّل النطق أو يقرّب الصوتين.,في حَومَةِ المِيدَان... تَغَمْغَم = تَهَمْهَم,,غ
الإبدال,"إبدال الغين والهاء، مثل قولهم ""تَغَمْغَم"" بدلًا من ""تَهَمْهَم"".",تَغَمْغَم = تَهَمْهَم,,غ
الإعلال,ليس من حروف الإعلال,*,,غ
الإقلاب,ليس من حروف الإقلاب,*,,غ
طريقة النطق,وهو حرف مهموس مستفل منفتح وهو من حروف الهجاء ويخرج من بطن الشفة السفلى مع أطراف الثنايا العليا.,"فَجَرَ
فَتَحَ
مَرْصُوص",,ف
تسهيل نطق الحرف,الإبدال بين الفاء والباء لإبداء التقارب في المخرج أو لتسهيل النطق.,الخَزَف = الخَزَب,,ف
الإبدال,الإبدال بين الفاء والباء لاتحادهما بالمخرج في لهجات معينة.,الخَزَف = الخَزَب,,ف
الإعلال,ليس من حروف الإعلال,*,,ف
الإقلاب,ليس من حروف الإقلاب,*,,ف
طريقة النطق,وهو حرف مجهور منفتح مصمت وهو من حروف الهجاء، يخرج من أقصى اللسان مع استعلائه وما يقابله من الحنك العلوي.,"صَدَقَ
قَبَرَ
قَفَزَ",,ق
تسهيل نطق الحرف,الإبدال بين القاف والجيم للتماثل الصوتي، مما يسهل على بعض اللهجات النطق.,الجَصّ = القَصّ,,ق
الإبدال,الإبدال بين القاف والجيم للتماثل الصوتي.,الجَصّ = القَصّ,,ق
الإعلال,ليس من حروف الإعلال,*,,ق
الإقلاب,ليس من حروف الإقلاب,*,,ق
طريقة النطق,هو حرف مهموس شديد منفتح وهو من حروف الهجاء في اللغة العربية، يخرج من أقصى اللسان مع ما يقابله من الحنك العلوي.,"ضَحِكَ
كِتَاب
مُكَعَبْ",,ك
تسهيل نطق الحرف,يحدث  بين الكاف والشين بإبدالهما لمماثلة الصوت أو لتقارب المخرج في بعض اللهجات.,فعيناشِ عيناها وجيدشِ جيدها ... سوى أنَّ عظم الساق منشِ دَقِيق,,ك
الإبدال,إبدال الكاف والقاف لاتحادهما في المخرج؛ إذ إن الكاف تخرج من أقصى اللسان تحت مخرج القاف.,كشطت = قشطت,,ك
الإعلال,ليس من حروف الإعلال,*,,ك
الإقلاب,ليس من حروف الإقلاب,*,,ك
طريقة النطق,اللام صوت لثوي – جانبي – مجهور، يُنطق برفع طرف اللسان إلى اللثة مع خروج الهواء من جانبي اللسان.,لعبة، ليلة، لسان,,ل
تسهيل نطق الحرف,قد تُدغم اللام أو تُخفف حسب السياق الصوتي.,"في ""قل رب"" تُدغم اللام في الراء إدغامًا كاملاً في التجويد.",,ل
الإبدال,الإبدال بين الراء واللام (مثل: اللثيد = الرثيد) أو إبدال العين لاما (عفت = لفت) أو إبدال اللام نونًا في بعض اللهجات. أمثلة على ذلك في اللهجات القديمة والقراءات.,"الطّرماء ↔ الطّلماء
عفت ↔ لفت
(سِجِّيل = سِجِّين)",,ل
الإعلال,ليس ممن حروف الإعلال,*,,ل
الإقلاب,ليس من حروف الإقلاب,*,,ل
طريقة النطق,الميم صوت شفوي-أنفي، مجهور، يُنطق بإغلاق الشفتين تمامًا مع خروج الهواء عبر الأنف. للميم خمس صفات: (الجهر، التوسط، الغنة) وهي صفات قوية، و( الاستفال ، الانفتاح) وهما ضعيفتان.,ماء، مهمة، مسرح,,م
تسهيل نطق الحرف,إذا جاءت الميم قبل الألف يجب ترقيقها وعدم تفخيمها، وإلّا جرّت الألف للتفخيم. إذا وقع بعد الميم الساكنة حرف الباء جاز إخفاء الميم مع الغنة.,"﴿فَإِذَا هُم بِالسَّاهِرَةِ﴾ (النازعات 14)
(مالك) (الرحمن)",,م
الإبدال,لا يوجد إبدال,*,,م
الإعلال,ليس من حروف الإعلال,*,,م
الإقلاب,ليس من حروف الإقلاب,*,,م
طريقة النطق,النون صوت لثوي أنفي مجهور، يُنطق بوضع اللسان عند اللثة مع مرور الهواء من الأنف.,نجمة، نهر، نسيم,,ن
تسهيل نطق الحرف,قد تُخفَّف النون أو تُدغم عند التقائها بحرف قريب من مخرجها.,"في ""من مال"" تُدغم النون في الميم فتُنطق ""مِمَّالٍ"".",,ن
الإبدال,أحيانًا تُبدل النون إلى ميم في بعض السياقات الصوتية، مثل الإدغام.,"في ""أنبأ"" عند الإدغام تتحول إلى ""أَمْبأ"" في بعض اللهجات.",,ن
الإعلال,ليس من حروف الإعلال,*,,ن
الإقلاب,تتحوّل النون إلى ميم عند وقوعها قبل الباء، وفقًا لقواعد التجويد.,منْ بعد → مِمْ بَعْدِ (إقلاب).,,ن
طريقة النطق,الهاء حرف حلقي مهموس يخرج من أقصى الحلق ، رخْو، مستفل، منفتح، يخرج من أقصى الحلق.,هدية، هدوء، هذا,,ه
تسهيل نطق الحرف,لصعوبة نطق الهاء في بعض البيئات، قد تُسهّل أو تُضعّف في النطق، خاصة عند الوقف أو في اللهجات العامية.,"في بعض اللهجات يُحذف صوت الهاء نهائيًا كما في ""إليهُ"" ← ""إلي"".",,ه
الإبدال,"يتم استبدال الهاء بحروف أخرى في بعض السياقات.
نادر في الفصحى، لكنه قد يُبدل همزة في بعض اللهجات، أو تؤخذ الهاء ضمن أحرف التخفيف (الهمزة، الألف، الياء، الواو، التاء).","-هدية → أدية
-قالوا: ""هِيَّاكَ"" بدل ""إيَّاكَ"" بإبدال الهاء من الهمزة.",,ه
الإعلال,ليس من حروف الإعلال,*,,ه
الإقلاب,ليس من حروف الإقلاب,*,,ه
طريقة النطق,الواو حرف شفوي مجهور، يخرج بتشكيل دائرة بكلتا الشفتين دون التقاء كامل، مع توجيه الشفتين إلى الأمام. يُعد من الحروف الشفوية.,وردة، وجود، واسع,,و
تسهيل نطق الحرف,لا يوجد له تسهيل؛ فهو حرف بسيط لا يُواجه مشكلات في النطق عادةً.,ورد، مسرور، وقود,,و
الإبدال,"يتم استبدال الواو بحروف أخرى في بعض السياقات.
إنْ كانتِ الواو المكسورة في أوّل الكلمة فقط، تبدل الواو إلى همزة.","ورد → يرد
وِسَادة = إِسادة",,و
الإعلال,"-إعلال بالحذف في اسم المفعول من الفعل الأجوف، أو في حالة الجزم بآخر الفعل المعتل. 
-تُقلب الواو هَمزةً إذا كانت متطرفة بعد ألفٍ زائدة، وتُقلب ياءً إذا كانت متطرفة بعد كسرة.","-مثل: قال → مَقُول، لم يدعُ، لم ينجُ.
-سماء (الأصل: سماو)
رَضِي (الأصل: رَضو)",,و
الإقلاب,ليس من حروف الإقلاب,,,و
طريقة النطق,الياء حرف مجهور ، جوفي ، يخرج من وسط اللسان مع ما يحاذيه من اللثة العليا، الياء يُنطق من وسط اللسان مع ما يحاذيه من غار الحنك الأعلى، وهو حرف رخْو، مجهور، لِين، مستفل، منفتح.,يوم، يسير، يد,,ي
تسهيل نطق الحرف,الياء حرف بسيط لا يحتاج إلى تسهيل إضافي، لكن ساهم في تسهيل بعض الحروف الأخرى كقلب الهمزة إلى ياء في النطق العامي.,فائز-فايز,,ي
الإبدال,"-قلب الياء همزة في عدد من الحالات 
-قلب الهمزة ياء في عدد من الحالات",*,,ي
الإعلال,"-تحذف في الاسم المنقوص 
-تحذف في الفعل المعتل الآخر","الرامي - رامٍ
يقضي - لم يقضِ",,ي
الإقلاب,ليس من حروف الإقلاب,*,,ي
الحرف في علم التجويد وفي نطق القرآن الكريم,"من أحكام نطق الهمزة إخراجه من مخرجه، فيخرج من أقصى الحلق.
ومن أحكامه مراعاة صفاته فيراعى فيه الجهر والشدة والاستفال والإنفتاح والاصمات. ويسمى بحرف حلقي","تُؤْثِرُونَ
ٱلسُّفَهَآءُ
يَوْمَئِذٍ
أَكْوَابٌ",,ء
الإبدال,الإبدال بين الباء والدال للماثلة بين الصوتين,بني عبد شمس = بني عبّ شمس,,ب
الإقلاب,الباء هو حرف الإقلاب عند النون الساكنة والتنوين حيث تقلبان عنده ميما ،  عندما يأتي الباء بعد النون الساكنة أو التنوين، يُغيّر صوت النون أو التنوين ليشبه حرف الميم (م). يتيح هذا التحويل انتقالًا سلسًا بين الأصوات,منْ بعد = ممبعد / أَنْبِئْهُمْ,,ب
الحذف,لا يوجد حذف .,*,,ب
الحرف في اللهجات,تدخل على الأفعال بخلاف دورها في اللهجة المصرية عند السؤال وجواب السؤال,بتعمل إيه - بقرأ,,ب
الحرف في علم التجويد وفي نطق القرآن الكريم,من أحكام التجويد في الباء إخراجها من مخرجها، وهي تخرج من الشفتين في حالة إطباقهما بقوة من جهة داخل الفم، ومن أحكامها مراعاة صفاتها فيراعى فيها الانسفال والجهر والشدة والقلقلة والانفتاح,لربك-الأبتر,,ب
الحذف,"يحذف حرف التاء في بعض الأفعال عند الجزم أو الوقف مثل: ""لم أرهُ"" أصلها ""لم أرَ""، حيث حُذفت التاء من ""أريتُ"". كما تُحذف التاء في بعض الأعداد مثل: ""ستة"" تصبح ""ستّ"". وعند الوقف تُحذف التاء في نهاية الكلمة وتُبدل بهاء، ويُعدّ من الحذف السماعي؛ إذ إنها مكتوبة ولكن لا تُنطق حال الوقف.","مَدْرَسَةٌ = عند الوقف تصبح مَدْرَسَه
سِتْةٌ = سِتّ
خَمْسَةٌ = خَمْسُ
بِضْعَةً = بِضْعَه",,ت
الحرف في اللهجات,قد شاع استخدام التاء بدلًا من الثاء في لهجات مناطق المتاخمة للهجات الأرامية وفي بلاد الأنباط,"قولهم ""تَوْم"" بالتاء بدلًا من ""ثَوْم"" بالثاء، و""حَرَتْ الأرضَ"" بدلًا من ""حَرَثَ الأرضَ""",,ت
الحرف في علم التجويد وفي نطق القرآن الكريم,صوت أسناني لثوي انفجاري مهموس فعند نطق التاء يلتقي طرف اللسان بأصول الثنايا العليا ومقدم اللثة، ويضغط الهواء مدة من الزمن خلف طرف اللسان ثم ينفصل فجأة تاركًا نقطة الالتقاء، فيحدث صوت انفجاري,مَنْبَتَهُ,,ت
الإبدال,السين والثاء رخوان مهمسان وقريبان في المخارج، وقد يُجيز بعض اللغويين هذا الإبدال.,"مغافير → مفاثير, مغفور → معثور",,ث
الإعلال,ليس من حروف الإعلال,*,,ث
الإقلاب,ليس من حروف الإقلاب,*,,ث
الحذف,لا يحدث له حذف.,*,,ث
الحرف في اللهجات,في بعض اللهجات أو عند سرعة الكلام قد يتم تحويله إلى تاء ، أو سين,"مثل: ""ثلاثة"" ← ""تلاتة"".مثل: ""ثعلب "" ← ""تعلب ، سعلب "".",,ث
الحرف في علم التجويد وفي نطق القرآن الكريم,يخرج من طرف اللسان مع أطراف الثنايا العليا، ويجب نطقه بوضوح وعدم تحويله إلى تاء أو سين.,"""فَانْبِعَثَ أَشْقَاهَا"" (الشمس: 12)",,ث
الحذف,لا يوجد حذف,*,,ج
الحرف في اللهجات,اختلف نطق حرف الجيم في اللهجات ففي اللهجة المصرية (ج = (g) ). فقبيلة هذيل نطقت الجيم بدلًا من الحاء، وقبيلة تميم نطقت الجيم بدلًا من الشين (أشدق = أجدق)، وقبيلة أسد استبدلت الجيم بالقاف. ونسب الرواة إلى قبيلة تميم أنهم نطقوا الياء بدلًا من الجيم (دجاج = دياي). يعود ذلك للتقارب في الصفات الصوتية بين هذه الأحرف، مثل مواضع المخرج ودرجة الشدة أو الرخاوة.,"أشدق = أجدق
دجاج = دياي",,ج
الحرف في علم التجويد وفي نطق القرآن الكريم,فلا يجوز تعطيش الجيم في قراءة القرآن الكريم؛ لما في ذلك من تضييع صفة من صفاتها وهي الشِدَّة وإبدالها بصفة التفشي ، ومن حروف الجهر والشدة والقلقلة ، ومن حروف الإخفاء في أحكام التجويد,(من جوع ) - جَاءَت - جَعَلَها,,ج
الإبدال,الابدال بين الحاء والعين لاتحادهما بالمخرج,اللعَمُ الأعَمَرُ أعسن من اللعم الأبيض = اللحَمُ الأحْمَرُ أحْسَن من اللحَمِ الأبْيَض,,ح
الإعلال,ليس من حروف الإعلال,*,,ح
الحذف,ليس من حروف الحذف,*,,ح
الحرف في اللهجات,إبدال الحاء والعين ظهر جليًا عند قبائل بدوية كقبيلة هذيل وقيس. مثل الحنفص → عنفص (ليست بسوداء ولا عِنْفِص)، واللعم بمعنى اللحم. ويقولون اللعَمُ الأعَمَرُ أعسن من اللعم الأبيض عوضًا عن اللحَمُ الأحْمَرُ أحْسَن من اللحَمِ الأبْيَض.,"الحنفص = عنفص
اللعم = اللحم",,ح
الحرف في علم التجويد وفي نطق القرآن الكريم,من أحكام التجويد في الحاء أن يخرج من مخرجه في وسط الحلق دون التصاق اللسان بالحنك الأعلى، فيخرج مهموسًا رخوًا ضعيف الاعتماد على المخرج. ينبغي مراعاة صفاته كالهمس والرخاوة والاستفال والانفتاح والإصمات. وهو حرف حلقي يحتاج إلى إظهار الصوت بمزيد من الهواء، ويدخل الهواء من فتحة المزمار دون عائق. أي خطأ في النطق كإمالته أو تضييق مخرجه يخرج بصوت غير فصيح.,"يَسْتَحْيُونَ
ٱلْحَجَرَ
تَذْبَحُوا۟
رَحْمَتُهُۥ",,ح
الحذف,لا يوجد حذف,*,,خ
الحرف في اللهجات,إبدال الخاء والهاء عند لهجة باهلة لإيثارها لصوت الرخاوة، لأن الخاء والهاء كلاهما مهموس رخو ويتحدان في المخرج، فيقولون: المُطَرخِم = المُطَرهَم.,المُطَرخِم = المُطَرهَم,,خ
الحرف في علم التجويد وفي نطق القرآن الكريم,من أحكام التجويد في الخاء إخراجها من مخرجها في أدنى الحلق، بحيث تقوم مؤخرة اللسان بإعاقة (ليس حبس) مجرى الهواء مع اللهاة، مما يؤدي لاحتكاك الصوت. ينبغي مراعاة صفاتها: الهمس والرخاوة والاستعلاء والانفتاح والإصمات، وتسمى حرفًا حلقيًا.,"يَخْدَعُونَ
خَتَمَ
يَخْطَفُ
خَٰلِدُونَ",,خ
الإبدال,إبدال التاء دالًا في صيغة افتعل؛ مثل ازتحم = ازدحم، ازدهر = ازتهر. ويمكن أيضًا قلب التاء دالًا في بعض الصيغ، مثل ادَّعى = ادتعى.,"ازْتَحَمَ = ازْدَحَمَ
ازْدَهَرَ = ازْتَهَرَ
ادَّعى = ادتعى",,د
الحذف,لا يوجد حذف,*,,د
الحرف في اللهجات,"أُبدلت الدال باءً عند قريش وسعد في قولهم: ""في بني عبّ شمس"" بدل ""بني عبد شمس"". وتبدل ربيعة الدال ذالًا في ""عدوفة = عذوفة"". وقبيلة نصر (فرع من أسد) أبدلت الدال والفاء في ""أطوِّد ما أُطود"" لتصبح ""أطوِّف"".","""في بني عبّ شمس"" = ""بني عبد شمس""
عدوفة = عذوفة
أطوِّد = أطوِّف",,د
الحرف في علم التجويد وفي نطق القرآن الكريم,"من حروف القلقلة في أحكام التجويد حيث يتصف بالجهر ـ الشدة ـ الاستفال ـ الانفتاح. 
وصفة واحدة من الصفات غير المتضادة وهي القلقلة.
 للدال ثلاث صفات قوية وهي: الجهر ـ الشدة ـ القلقلة.
وصفتان ضعيفتان وهما الاستفال والانفتاح.","ٱللَّهُ ٱلصَّمَدُ
﴿مَّاء دَافِقٍ﴾",,د
الحذف,ليس من حروف الحذف,*,,ذ
الحرف في اللهجات,"أبدلت الذال والدال عند بعض القبائل مثل أسد النجدية؛ قال الشاعر: ""يا ناقتا مالك تدألينا"" = تذألينا. كما أبدلت الذال والضاد في بعض ألفاظهم مثل: الذيَّاط = الضيَّاط.","""يا ناقتا مالك تدألينا"" (أصلها تذألينا)
""حتى ترى البجباجة الضيَّاطا"" (أصلها الذيَّاط)",,ذ
الحرف في علم التجويد وفي نطق القرآن الكريم,من أحكام التجويد في الذال إخراجه من طرف اللسان مع أطراف الثنايا العليا، مع مراعاة صفاتها: الجهر والرخاوة والاستفال والانفتاح والإصمات. وهو حرف لثوي في التصنيف.,"قَالَ ٱخْرُجْ مِنْهَا مَذْءُومًا مَّدْحُورًا
إِنَّا نَحْنُ نَزَّلْنَا ٱلذِّكْرَ
عَطَآءً غَيْرَ مَجْذُوذٍ",,ذ
الإعلال,ليس من حروف الإعلال,*,,ر
الإقلاب,ليس من حروف الإقلاب,*,,ر
الحذف,ليس من حروف الحذف,*,,ر
الحرف في اللهجات,"إبدال الراء واللام عند قبيلة مازن. مثال قول الشاعر المازني: ""فَتَذَكّرَا ثقلا رَثِيدًا بَعْدَمَا ... ألْقَت ذُكاء يميدها في كافر"" بدلاً من ""رثيدا"" → ""لثيدا"". كذلك ""وجَرَمَ اللحْم"" → ""جَلَمَ اللحْم"".","فَتَذَكّرَا ثقلا رَثِيدًا
وجَرَم اللحْم = جَلَم اللحْم",,ر
الحذف,لا يوجد حذف,*,,ز
الحرف في اللهجات,في لهجة ناعور يتم استبدال الزاي مكان السين,لغرزت→ غرست,,ز
الحرف في علم التجويد وفي نطق القرآن الكريم,من أحكام التجويد في الزاي إخراجها من مخرجها: من طرف اللسان فوق الثنايا السفلى مع إبقاء حيّز ضيق بين سطح اللسان والحنك الأعلى. يراعى فيها الجهر والرخاوة والاستفال والانفتاح والإصمات والصفير. وتُسمى حرفًا أسليًا.,"فَزَادَهُمُ ٱللَّهُ مَرَضًا
مُسْتَهْزِءُونَ
أَنزَلَ",,ز
الحذف,"يمكن حذفه عندما يكون حرفًا للاستقبال ونستعيض عنه بـ ""سوف"" دون أن يتغير المعنى.",سنصنع = سوف نصنع,,س
الحرف في اللهجات,في بعض اللهجات يتم تحويل السين إلى تاء (وتسمى هذه اللهجة الوتم)، كما تتغير السين في بعض اللهجات بين الفصحى والعامية إلى شين أو قد تختفي.,"ناس = نات ، ماس = مات
وفي لهجة بعض البدو: شَوف بدلاً من سَوف",,س
الحرف في علم التجويد وفي نطق القرآن الكريم,يُراعى ترقيقه وعدم تفخيمه، ويقع ضمن حروف الهمس. يجب الالتزام بصفته عند التلاوة القرآنية.,في (يَسۡ‍ـُٔلونَكَ عن الساعة) يجب نطق السين مرققة غير مفخمة.,,س
الحذف,لا يوجد حذف,*,,ش
الحرف في اللهجات,الابدال بين الشين والسين عند قبيلة سعد بن بكر في ألفاظ مرورية؛ مثل السدفة والشدفة.,"شُدْفَة = سُدْفَة
حَمِشَ الشرِّ = حَمِسَ الشرِّ",,ش
الحرف في علم التجويد وفي نطق القرآن الكريم,من أحكام التجويد في الشين إخراجها من وسط اللسان مع ما يحاذيه من اللثة العليا، مع مراعاة صفاتها: الهمس، الرخاوة، الاستفال، الانفتاح، الإصمات، والتفشي. وتسمى حرفًا شجريًا.,"أَمْشَاجٍ
شَرُّهُۥ
شَمْسًا
وَٱلنَّٰشِرَٰتِ نَشْرًا",,ش
الإبدال,إبدال بين الصاد والزاي لاتحادهما بالمخرج.,لَصَقَ = لَزَقَ,,ص
الإعلال,ليس من حروف الإعلال,*,,ص
الإقلاب,ليس م حروف الإقلاب,*,,ص
الحذف,لا يوجد حذف,*,,ص
الحرف في اللهجات,"الابدال بين الصاد والزاي لاتحادهما بالمخرج عند بعض القبائل العربية (مثل طيء). شاهد قول حاتم الطائي: ""هذا فزدي أنه"" أي ""فصدي"".",هذا فَزْدَي أَنَّه = فَصْدِي,,ص
الحرف في علم التجويد وفي نطق القرآن الكريم,من أحكام التجويد في الصاد: إخراجها من طرف اللسان فوق الثنايا السفلى، مع إبقاء حيز ضيق بين سطح اللسان والحنك الأعلى. يجب مراعاة صفاتها من همس ورخاوة واستعلاء وإطباق وإصمات وصفير. وتسمى بحرف أسلي.,"ٱلصَّمَدُ
ٱلصِّرَٰطَ
صِرَٰطَ
ٱلصَّلَوٰةَ",,ص
الحذف,لا يوجد حذف,*,,ض
الحرف في اللهجات,الابدال بين الضاد والصاد عند قبيلة بني ضبّة في قولهم الصِئبل بدلًا من الضِئبل (الداهية).,الضِئبل = الصِئبل,,ض
الحرف في علم التجويد وفي نطق القرآن الكريم,من أحكام التجويد في الضاد: إخراجها من إحدى حافتي اللسان (اليسرى أيسر) مع ما يحاذيه من الأضراس العليا، ومراعاة صفاتها: الجهر، الرخاوة، الاستعلاء، الإطباق، الإصمات، والاستطالة. وتسمى بحرف شجري.,"ٱلْمَغْضُوبِ
ٱلضَّآلِّينَ
أَضَآءَ",,ض
الحذف,لا يوجد حذف,*,,ع
الحرف في اللهجات,"إبدال العين والجيم (الأصلج بدلًا من الأصلع)، وإبدال العين بالنون ""الاستنطاء"" عند قبائل كـ هُذيل والأُزد وقيس الأنصار وأهل اليمن.","الأصْلَج = الأصْلَع
""لا مَانِع لِمَا أنْطَيِْت ولا مُنْطِي لِمَا مَنَعت""",,ع
الحرف في علم التجويد وفي نطق القرآن الكريم,من أحكام التجويد في العين: إخراجها من وسط الحلق ومراعاة صفات الجهر والتوسط بين الشدة والرخاوة. يجب المحافظة على جهرها فلا تُقلب حاءً. وتُسمى حرفًا حلقيًا.,"عَلَىٰ عَبْدِنَا
وَٱدْعُوا۟
فَلَا تَجْعَلُوا۟",,ع
الحذف,لا يوجد حذف,*,,غ
الحرف في اللهجات,"إبدال الغين والهاء (هاء نمير) موجود لدى بعض قبائل غربي الجزيرة. مثال قول النميري: ""طرقا فتلك هماهمي أقريها ... قلصا لواقع كالقش وحولا"".",طرقا فتلك هماهمي أقريها ... قلصا لواقع كالقش وحولا,,غ
الحرف في علم التجويد وفي نطق القرآن الكريم,من أحكام التجويد في الغين: تخرج من أدنى الحلق، صوت لهوي مجهور. يجب مراعاة صفات الجهر والتوسط بين الشدة والرخاوة والاستفال والانفتاح والإصمات. وتسمى حرفًا حلقيًا.,"بِٱلْغَيْبِ
غِشَٰوَةٌ
طُغْيَٰنِهِمْ",,غ
الحذف,لا يوجد حذف,*,,ف
الحرف في اللهجات,في بعض لهجات اليمن يُبدل حرف الفاء بالباء، مثل الخَزَف = الخَزَب.,الخَزَف = الخَزَب,,ف
الحرف في علم التجويد وفي نطق القرآن الكريم,من أحكام التجويد في الفاء: إخراجه من بطن الشفة السفلى مع أطراف الثنايا العليا، ومراعاة صفات الهمس والرخاوة والاستفال والانفتاح والإذلاق. ويسمى حرفًا شفويًا.,"ٱلْمُفْلِحُونَ
يُنفِقُونَ
ٱلسُّفَهَآءُ",,ف
الحذف,لا يوجد حذف,*,,ق
الحرف في اللهجات,"إبدال القاف كاف، وهذا شائع في بعض اللهجات القروية الفلسطينية: ""تقهر"" تُنطق ""تكهر"".",تقهر = تكهر,,ق
الحرف في علم التجويد وفي نطق القرآن الكريم,من أحكام التجويد في القاف: إخراجها من أقصى اللسان مع استعلائه وما يقابله من الحنك العلوي، ومراعاة صفاتها من الجهر والشدة والاستعلاء والانفتاح والإصمات والقلقلة. وتسمى حرفًا لهويًا.,"ٱسْتَوْقَدَ
يُقْبَلُ
مُسْتَقَرٌّ",,ق
الحذف,لا يوجد حذف,*,,ك
الحرف في اللهجات,تشمل إبدال الكاف بالخاء في بعض اللهجات اليمنية (سكران ملتك = ملتخ)، كما عُرف بالكسكسة (منسِ بدلًا من منكِ) والكشكشة في لهجات ربيعة.,"سَكْرَان مُلْتك = مُلْتَخ
منسِ = منكِ
إذا دنوت جعلت تنئيشِ... (كشكشة)",,ك
الحرف في علم التجويد وفي نطق القرآن الكريم,من أحكام التجويد في الكاف: إخراجه من أقصى اللسان مع ما يقابله من الحنك الأعلى تحت مخرج القاف. يجب مراعاة صفات الهمس والشدة والاستفال والانفتاح والإصمات. وهو حرف لهوي.,"كَمَثَلِ
كَفَرُوا۟
كَذَّبُوا۟
أُو۟لَٰٓئِكَ",,ك
الحذف,لا يوجد حذف,*,,ل
الحرف في اللهجات,"قد يُمال أو يُقلب حسب اللهجة، خصوصًا بين التفخيم والترقيق. بعض اللهجات المصرية ترقق اللام في لفظ الجلالة ""الله"" مما يخالف التفخيم المعتاد.","في لهجة مصرية تُنطق اللام مرققة في ""الله"" بدلًا من التفخيم. وفي لهجات أخرى قد تمال.",,ل
الحرف في علم التجويد وفي نطق القرآن الكريم,اللام القمرية تُظهر (الكتاب)، بينما الشمسية تُدغم (الشمس). تفخّم لام الجلالة بعد الفتح أو الضم (قال الله، تالله)، بينما تُرقق في غير هذه الحالات.,"قال الله، تالله
الكتاب (لام قمرية)
الشمس (لام شمسية)",,ل
الحذف,لا يوجدحذف,*,,م
الحرف في اللهجات,"في لهجة بني أسد تُبدل الميم باءً (""أطبأن"" بدلًا من ""أطمأن"")، وقد تُبدل الميم نونًا أو تُدغم في بعض السياقات الصوتية، أو تُخفف أحيانًا في لهجات عامية.","... فأطبأن له جنابي
""كم من"" → ""كمّن""
""ممنوع"" → ""منوع""",,م
الحرف في علم التجويد وفي نطق القرآن الكريم,الميم من حروف الإدغام بغنة في التقاء النون الساكنة والتنوين، مع أحكام الإخفاء والإظهار عند التقاء الميم بميم أو باء.,"""لهم مغفرة"" (غنة)
""إن ربهم بهم"" (إدغام شفوي)
منْ مَلجأ (إدغام بغنة)",,م
الحذف,تحذف النون في بعض الحالات النحوية والصرفية، مثل تنوين التقاء الساكنين، أو نون جمع المذكر السالم عند الإضافة، أو نون الأفعال الخمسة عند الجزم.,"معلمو الصف، مهندسا المشروع، لم يكتبوا ما طُلب منهم.
""ولا الليل سابقُ النهار"" (حذف التنوين في ""سابقٌ"").",,ن
الحرف في اللهجات,في بعض اللهجات، تُخفف النون أو تُحوَّل إلى غنة واضحة، وقد تُبدل أحيانًا في مواضع محددة.,"""أنتم"" → ""أمتم"" (لهجة بعض القبائل).",,ن
الحرف في علم التجويد وفي نطق القرآن الكريم,للنون الساكنة والتنوين دور مهم في أحكام التجويد كالإخفاء والإدغام والإظهار والإقلاب، إذ تدغم مع بعض الأحرف أو تقلَب إلى ميم قبل الباء.,"""منْ علمٍ"" (إظهار)
""منْ يَعمل"" (إدغام)
""منْ بعد"" (إقلاب)
""ريحاً صرْصَراً"" (إخفاء)
""وأَنذِرْهُم"" (إخفاء)",,ن
الحذف,تُحذف الهاء في الوقف على هاء السكت بالقرآن الكريم، حيث تثبت عند الوقف وتُحذف عند الوصل. وقد يُحذف الحرف في بعض البيئات الصوتية.,"""﴿مَالِيَهْ﴾ (الحاقة: 28)"" - تحذف عن الوصل وتثبت عند الوقف. ""عليهم"" → ""عليهم"" / ""عليُّمْ"" في اللهجات.",,ه
الحرف في اللهجات,"تختلف طريقة نطق الهاء بين اللهجات العربية، فتُضعّف أو تحذف أو تُبدل، ويظهر تأثير الإدغام مع نون الضمير ""هم"" في بعض اللهجات البدوية.","""أين هو؟"" → ""أينُ""
""عليهم"" → ""عليُّمْ"" (إدغام مع نون)",,ه
الحرف في علم التجويد وفي نطق القرآن الكريم,للهاء دور في هاء السكت عند الوقف، وهي حرف حلقي رخْو مهموس. تُظهر النون الساكنة والتنوين عنده في حكم الإظهار.,"﴿ مَالِيَهْ ﴾ (الحاقة: 28)
""وَهُمْ يَنْهَوْنَ عَنْهُ وَيَنْأَوْنَ عَنْهُ""",,ه
الحذف,تُحذف الواو من بعض الكلمات. بعض العلماء يثبتها، وآخرون يحذفونها من باب التخفيف.,"داود ← داوود
طاوس ← طاووس",,و
الحرف في اللهجات,قد تسقط الواو في بعض الأفعال في اللهجات القيسية والحميرية، أو تتغير في النطق للتسهيل.,"وقع → قع
وحدة → حدة",,و
الحرف في علم التجويد وفي نطق القرآن الكريم,الواو من الحروف الشفوية؛ تخرج بضم الشفتين قليلاً، وتُراعى أحكامها في القراءة القرآنية.,"وَمَا يَعْبُدُونَ
وَمِن دُونِي وَهُمْ لَكُمْ عَدُوّ",,و
الحذف,لا يوجد حذف,*,,ي
طريقة النطق,حرف جوفي ، يندفع الهواء من الرئتين فيهتز الوتران الصوتيان وفيه تكون الحنجرة مرتفعة ومشدودة ويكون اللسان مستوياً مع الفك السفلي وفي حالة ارتخاء كامل وطرفه ملامس لجذور الأسنان السفلى، أما وضع الشفاه فتكون مفتوحة دون مبالغة بشكل طبيعي فيخرج صوت (ا).,ما \ مَنَازِل,,ا
تسهيل نطق الحرف,الإمالة من أشكال تسهيل النطق لحرف الألف. مجراها وتنطق مَجْرِيهَا لا هي ياء ولا هي ألف، فأقرب وصف لها أنها ألف مشبعة بالياء.,مجراها وتنطق مَجْرِيهَا,,ا
الإبدال,إبدال الألف واواً للدلالة على أصل الكلمة نحو: ﴿ٱلصَّلَوٰةَ﴾، ﴿ٱلزَّكَوٰةَ﴾، ﴿ٱلۡحَيَوٰةِ﴾، ﴿ٱلرِّبَوٰاْ﴾ أينما وردت على ألا يكنَّ مضافات. كذلك إبدال الألف واواً في بعض الكلمات: ﴿بِٱلۡغَدَوٰةِ﴾ [الأنعام: 52]، [الكهف: 28]، ﴿كَمِشۡكَوٰةٖ﴾ [النور: 35]، ﴿ٱلنَّجَوٰةِ﴾ [غافر: 41]، ﴿وَمَنَوٰةَ﴾ [النجم: 20]. وإبدال الألف ياءً في كلمات محددة نحو: ﴿أَنَّىٰ﴾ [البقرة: 223]، ﴿مَتَىٰ﴾ [البقرة: 214]، ﴿بَلَىٰ﴾ [البقرة: 81]، ﴿حَتَّىٰ﴾ [البقرة: 55]، ﴿إِلَىٰ﴾، ﴿عَلَىٰ﴾، ﴿وَعَسَىٰٓ﴾، ﴿وَيَحۡيَىٰ﴾.,كَمِشۡكَوٰةٖ // ٱلۡحَيَوٰة // ٱلرِّبَوٰاْ // وَعَسَىٰٓ // وَيَحۡيَىٰ,,ا
الإعلال,*,*,,ا
الإقلاب,تقلب الألف ياء إذا وقعت بعد ياء التصغير فتقول في تصغير خطاب وغزال: خُطَيِّب وغُزيِّل. وإذا وقعت الألف بعد حرف مضموم قلبت واواً كالمجهول من (بايع) فتقول فيه (بويع). وإذا وقعت الألف بعد حرف مكسور قلبت ياء كجمع (مفتاح): مفاتيح. وذلك لعدم تحريك الألف بالضم أو بالكسر. والألف الثالثة مثل (دعا، رمى) ترد إلى أصلها مع ضمائر الرفع المتحركة فتقول: (دعوْتُ ورميْتُ، نحن دعونا ورمينا، وهنَّ دعوْن ورميْن). وإن كانت رابعة فصاعدًا مثل (أبقى ويُستدعى) قلبت ياء مثل: (أبقيتُ، وهنّ يستدعيْن). في الأسماء، تنقلب الألف واوًا حين التثنية والجمع إن كان أصلها واوًا فتقول في (عصا): (هاتان عصوان، ضربتُ بعصوين). وتقلب الالف واواً عندما تقع الألف بعد ضمة مثل: لويعب تصغير لاعب، كويتب تصغير كاتب.,"فَتَى = فَتَيَان
عَصَا = عَصَوَان (في الرفع) وعَصَوَين (في النصب والجر)
صَحْرَاء = صَحْرَاوِيّ
بِنَاء = بِنَائيّ
فَتَى = فَتَوَيّ
عَصَا = عُصَيَّة
دَعَا → دُعَيٌّ",,ا
الحذف,"هو حذف حرف العلّة من أوّل الكلمة أو من وسطها أو من آخرها، ويكون الحذف في مواطن عدة: مثلاً عند التقاء حرف العلة بساكن بعده (منعاً لالتقاء الساكنين) في الفعل الماضي المعتل الأجوف إذا اتصلت به (التاء المتحركة، نون النسوة، نا الدالة على الفاعلين) نحو: (قال - باع) - قلتَُِ، قلنَ، قلنا، بعتَُِ، بعنَ، بعنا. التعليل: إعلال بالحذف، حذف حرف العلة (الألف) منعاً لالتقاء الساكنين.

وتحذف في فعل الأمر المعتل الأجوف نحو (عاشَ → عشْ). التعليل: إعلال بالحذف، حذف حرف العلة (الألف) منعاً لالتقاء الساكنين.

وفي الفعل المضارع المجزوم المعتل الأجوف نحو: قال = لم يقلْ، عاش = لم يعشْ. التعليل: إعلال بالحذف، حذف حرف العلة (الألف) منعاً لالتقاء الساكنين.

وفي الفعل الماضي والأمر والمضارع المرفوع والمنصوب المعتل الآخر (بالألف) إذا اتصلت به واو الجماعة أو تاء التأنيث الساكنة أو ياء المؤنثة، نحو: (بنى = بنَوا، بنَتْ، ابنوا، يبنون، لن يبنوا، لن تبني). التعليل: إعلال بالحذف، حذف حرف العلة (الألف) منعاً لالتقاء الساكنين.

وفي فعل الأمر عند الجزم: اسعَ، ادعُ، ابنِ (بحذف حرف العلة).

وتحذف الألف أيضاً في كلمة «ابن» عندما تكون بين اسمين علمين مثل (محمد بن عامر).

ويوجد أيضاً الحذف عند التقاء ساكنين مثل ﴿وَقَالَا الْحَمْدُ لِلَّهِ﴾، ﴿وَإِذْ قَالُوا اللَّهُمَّ﴾.","قَالَ - قلتَُِ، قُلنَ، قُلنَا
(بَاعَ) - بِعتَُِ، بِعْنَ، بعنا
عَاشَ → عِشْ
قَالَ → لم يَقُلْ، عَاشَ → لم يَعِشْ
يَسَعَى = اسْعَ
مُحَمَّد بِن عَامِر
وَقَالَا الْحَمْدُ لِلَّهِ
وَإِذْ قَالُوا اللَّهُمَّ",,ا
الحرف في اللهجات,من الظواهر التي أثرت على حرف الألف باللهجات «الإمالة»، وهي موجودة عند بعض القراء كرواية ورش. الإمالة هي أن تَنحُوَ بالفتحة نحو الكسرة وبالألف نحو الياء كثيراً وهو «المحض»، ويُقال له الإضجاع، ويُقال له البطح، وربما قيل له الكسر أيضاً. وقليلاً وهو بين اللفظين، ويُقال له أيضاً التقليل والتلطيف وبين بين. فهي بهذا الاعتبار تنقسم أيضاً إلى إمالة شديدة وإمالة متوسطة، وكلاهما جائز في القراءة وجائزٌ في لغة العرب. وتنسب الإمالة إلى القبائل التي عاشت في وسط الجزيرة وشرقيها، وأشهرها تميم وأسد وطيء وبكر بن وائل وعبد القيس وتغلب.,"مَجْرَاهَا = مَجْرِيهَا
ضُحَاهَا = تُنطق: ضُحِيهِي",,ا
الحرف في علم التجويد وفي نطق القرآن الكريم,هو من الحروف الجوفية ويحمل صفات الجهر، الرخاوة، الاستفال، الانفتاح، الإصمات. فيندفع الهواء من الرئتين فيهتز الوتران الصوتيان، وتكون الحنجرة مرتفعة ومشدودة ويكون اللسان مستوياً مع الفك السفلي في حالة ارتخاء كامل، وطرفه ملامس لجذور الأسنان السفلى، أما وضع الشفاه فتكون مفتوحة دون مبالغة فيخرج صوت (ا). تأتي الألف في بعض الأحيان مرسومة بهذا الشكل «آ»، ويسميها البعض «الهمزة الطيارة» أو «مدّ الهمزة». وهذا الشكل يكون ناتجًا عن إدغام همزة في همزة: مثل «آمَنَ» و«آوَى»، وأصلهما «أَأْمَنَ» و«أَأْوَى»، أو إدغام همزة في ألف مثل «آنَسَ» و«آلَ»، وأصلهما «أَانَسَ» و«أَالَ». وهي حرف مد ويتأثر بما قبله من حيث التفخيم والترقيق، وتُمدّ إذا جاءت بعدها همزة نحو: «السماااااء».,"آمَنَ \ آوَى \ آنَسَ = أَانَسَ \ آلَ = أَالَ
سائل
السماااااء",,ا
الحذف,لا يوجد حذف,*,,ط
الحرف في اللهجات,حرف الطاء موجود في كل اللهجات لكن عند (المغاربة) قد يختلط بحرف التاء.,الطبيب قد تقال التبيب,,ط
الحرف في علم التجويد وفي نطق القرآن الكريم,صوت انفجاري لثوي مجهور.,قال تعالى: ﴿لَحْمًا طَرِيًّا﴾,,ط
الحذف,لا يوجد حذف,*,,ظ
الحرف في اللهجات,قد يُبدل استخدام حرف الضاد تخفيفًا على النطق  و أحيانًا تفقد التمييز بين الحرفين .,"نضر بدل نظر , ضهر بدل ظهر",,ظ
الحرف في علم التجويد وفي نطق القرآن الكريم,صوت احتكاكي مجهور بين الأسنان,"قال تعالى : ""إذ نادى و هو مكظوم""",,ظ
الحرف في علم التجويد وفي نطق القرآن الكريم,"1-التفخيم : تفخم الراء اذا كانت :
▪ مفتوحة ؛مثال : ربي .
▪ ساكنة وما قبلها مفتوح ؛ مثال: مريم .
▪ ساكنة وما قبلها ساكن وما قبلها مفتوح *بشرط الا يكون الساكن هو حرف الياء* ؛مثال:العصر .
▪مضمومة ؛ مثال: رُحماء .
▪ساكنة وما قبلها مضموم ؛ مثال: قرآن .
▪ساكنة وما قبلها ساكن وما قبله مضموم*بشرط الا يكون الساكن هو حرف الياء* ؛مثال: خسر .
▪ ساكنة وما قبلها كسر عارض (غير أصلي) :
□ملفوظ؛ مثال : ارجعي (عند البدء بهمزة وصل ).
□مقدر؛ مثال : أم ارتابو (اذا سقطت همزة الوصل في درج الكلام ). 2-الترقيق : ترقق الراء اذا كانت :
• مكسورة ؛مثال : كريم .
• ساكنة وما قبلها مكسور وليس بعدها حرف استعلاء أو ليس بعدها شيء؛ مثال: فرعون .
• ساكنة وما قبلها ساكن مستفل (غير مستعل) وما قبله مكسور *بشرط ألا يكون الساكن هو حرف الياء * ؛مثال: 
سحر .
• ساكنة وما قبلها ياء ساكنة -وهي أم الكسرة - ولا يهم ما قبلها ؛مثال: قدير ، خير، لا ضير .
3-جواز الوجهين :يجوز في الراء التفخيم والترقيق اذا كانت :
¤ ساكنةوما قبلها مكسور وبعدها حرف استعلاء (صفة قوة)مكسور (صفة ضعف) ؛ مثال : فرق (حال الوصل).
¤ ساكنة وما قبلها حرف استعلاء ساكن وما قبله مكسور ؛ مثال : مصر ، قطر (حال الوقف).
وفي القرآن توجد فقط الكلمات ( فرق ومصر وقطر ) يجوز فيها الوجهان لايوجد اي امثلة غيرها . وهو من حروف الإدغام الكامل للنون السان والتنوين",ربي - مريم  - العصر  - قرآن  - رُحماء - من رَّبك .,,ر
,,,,ش
,,,,ث
,,,,غ
,,,,ح
اللهجات,"ر حرف الياء كغيره من بعض الحروف في اللهجات وكان رأيهم أن المصطلح الأمثل لظاهرة قلب الجيم ياء كقولهم: مسيد وشيرة ودياي  ومَيْنُون في (مسجد وشجرة ودجاج ومَجنون) مما أثر في لهجات الفصحى القديمة وشاع في اللهجات المعاصرة وبخاصة في منطقة الخليج العربي، هو: (اليأيأة) على وزن الفَعْلَلَة، مشاكَلةً للغات (اللهجات) الملقّبة المأثورة عن علماء العربية القدماء، كالعجعجة والشنشنة والفحفحة والعنعنة والكشكشة، وأنه يحسن باللغويين والباحثين أن يضموه إلى تلك المصطلحات في تلك الظواهر الصوتية اللهجية. ونجد في العربية ظاهرتين متعاكستين للتعاقب بين الياء والجيم:
    الأولى: قلب الياء المشددة جيما في لغة قضاعة، كقولهم: عَلِج في عليّ والعَشِج في العشيّ، وتميمج في تميميّ، والأجِّل من الأيِّل، وسموها العجعجة، وهي تسمسة شائعة في تراثنا اللغوي.
   والثانية: تقابلها، وهي ظاهرة قلب الجيم ياء، كقولهم في المسجد والشجرة: مسيد وشيرة، وهي مسموعة في باديتَي الحجاز ونجد، وهي غيرهما أيضا، ولم يزل كبار السن في منطقة الجوف يقولون: اليوف، ويقول بعضهم في الخُروج: خُروي، وفي الحجّ: الحيّ، وفي الجَرَس: اليَرَس. ولدينا أيضا: الياء المفخمة أو المقلقلة (الياء في حالة الإمالة) أحيانًا في بعض اللهجات أو في الكلمات ذات الطابع الفصيح، قد يتم التفخيم أو الإمالة للياء، مما يُغير من نطقها ويسهم في نقل المعنى.","عَلِج في عليّ والعَشِج في العشيّ، وتميمج في تميميّ
المسجد والشجرة: مسيد وشيرة",,ي
الحرف في علم التجويد,"خرج الياء المدية من الجوف , ولكن منشأ صوتها يتولد في بدايته من مخرج الياء اللسانية ثم يتحول الصوت عبر مخرج الجوف , وهي مدية فيما لو سكنت وانكسر ما قبلها مثل:(لَقَدِ اسْتَكْبَرُوا فِي أَنفُسِهِمْ) , ولينة فيما لو سكنت وانفتح ما قبلها مثل:(قُلْ أَذَلِكَ خَيْرٌ)، وتكون ياء متحركة أيضا مثل(وَكَذَلِكَ جَعَلْنَا لِكُلِّ نَبِيٍّ عَدُوًّا) , وهي حرف مجهور , رخو , مستفل , منفتح , مصمت , مرقق , جوفي , خفي , هوائي",وَكَذَلِكَ جَعَلْنَا لِكُلِّ نَبِيٍّ عَدُوًّا),,ي
,,,,ي
,,,,ه
,,,,و
,,,,ن
,,,,م
,,,,ل
,,,,ك
,,,,ر
,,,,ف
,,,,غ
,,,,ع
,,,,ظ
,,,,ط
,,,,ع
,,,,ظ
,,,,ش
,,,,ث
,,,,ل
,,,,غ
,,,,ف
,,,,ع
,,,,ظ
,,,,ط
,,,,ش
,,,,ص
,,,,د
,,,,ء
,,,,ب
,,,,ت
,,,,ج
,,,,ء
,,,,ء
,,,,ب
,,,,ت
,,,,ج
,,,,ح
,,,,ح
,,,,خ
,,,,د
,,,,خ
,,,,س
,,,,ش
,,,,ص
,,,,ص
,,,,ض
,,,,ط
,,,,ظ
,,,,ع
,,,,غ
,,,,ف
,,,,ق
,,,,ذ
,,,,ز
,,,,س
,,,,ق
,,,,ب
,,,,م
,,,,ذ
,,,,ر
,,,,ح
,,,,ح
,,,,ز
,,,,ز
,,,,س
,,,,ق
,,,,ح
,,,,ق
,,,,ك
,,,,خ
,,,,ل
,,,,م
,,,,ا
,,,,ن
,,,,خ
,,,,ن
,,,,ه
,,,,ه
,,,,و
,,,,ي
,,,,ا