category,description,example,notes,phoneme_char
التحوّل في معنى الكلمة,تفيد الاستفهام والانكار وتأتي للتوكيد .,"أليس الله بأحكم الحاكمين؟
أيا رجلُ، انتبه لما تفعل!",NULL,ء
التحوّل في دلالة الزمن ( الطلب - النفي- الاستمرارية - التحذير ),"التوكيد بالنفي والإثبات
تستخدم الهمزة مع النفي والإثبات لإبراز الفرق بين الحالتين وتوضيح المعنى، كما في:
أليس الله بأحكم الحاكمين؟ (توكيد لحكمة الله).",أليس الله بأحكم الحاكمين؟,NULL,ء
علاقته في التقديم والتأخير ( وأثر ذلك في المعنى وإثارة الانتباه ),"النداء والتنبيه
تأتي الهمزة أحيانًا لتوكيد النداء والتنبيه على أمر مهم:
أيا رجلُ، انتبه لما تفعل!
قد تستخدم الهمزة لجذب الانتباه، مثل: ""أفي الحقّ شكٌّ؟"" بدلًا من ""هل في الحقّ شكّ؟""، مما يمنح الجملة وقعًا بلاغيًّا أقوى.",أيا رجلُ، انتبه لما تفعل!,NULL,ء
دوره في التوكيد ( لإبراز المعنى وتقويته ),يخرج الاستفهام لمعاني عديدة منها تأكيد المعنى للمستمع,أليس الله بأحكم الحاكمين؟,NULL,ء
دوره في الإنكار ( لإظهار الدهشة والاستغراب ),"التعجب والإنكار
تستخدم الهمزة للتعبير عن الدهشة أو الإنكار، مما يزيد من قوة المعنى، مثل:
أهذا هو تصرّفك؟! (توكيد على استغراب المتحدث من الفعل).",أحقًا هذا ما حدث؟,NULL,ء
دوره في التلاعب اللفظي والجناس ( السجع - الجناس - التكرار ),تُعتبر الهمزة من الأحرف التي يُستَخدم بشكل واضح في الأساليب البلاغية مثل السجع والجناس، نظرًا لصفاتها.,"إن في السماء آيةً، وفي الأرض آلاءً، وفي البحر ماءً

سأل السائل عن سُؤْله.",NULL,ء
دوره في الفصاحة والبيان (تحسين البناء اللفظي للجملة وزيادة وضوح المعنى وقوّته),"تمييز المعاني وتوضيحها: بعض الكلمات تختلف معانيها اختلافًا جذريًّا بإضافة الهمزة أو حذفها، مثل:
""السَأْم"" (بمعنى الملل) و""السَمّ"" (بمعنى المادة السامة).
وقد تُستخدَم الهمزة لجذب الانتباه، مثل: ""أفي الحقّ شكٌّ؟"" بدلاً من ""هل في الحقّ شكّ؟""؛ مما يمنح الجملة وقعًا بلاغيًّا أقوى.","""السَأْم"" (بمعنى الملل) و""السَمّ"" (بمعنى المادة السامة).",NULL,ء
أثره على الإيحاءات العاطفية والنفسية في السّياق,"تُستخدم الهمزة بفاعلية لإيصال المشاعر المختلفة، من التعجب والاستفهام إلى التأكيد والدهشة والحزن والفرح. وهي بذلك أداة بلاغية قوية تضيف طابعًا نفسيًا للكلمات، مما يجعلها مفتاحًا لفهم الانفعالات في النصوص الأدبية والشعرية.
كما أنها تُضفي نبرة حادة، ما يعزز الإلحاح أو القلق كما في: ""أأنت متأكد؟"" أو ""آهٍ من هذا الألم!""","""أحبك"" و""أكرهك""، حيث تُضفي الهمزة وضوحًا وعاطفةً حادة.
""أواه"" و""آه"" تعبّران عن التأوّه والحزن، بينما ""أفٍّ"" تعبر عن الضيق والنفور.
""أأنت متأكد؟"" أو ""آهٍ من هذا الألم!""",NULL,ء
التحوّل في معنى الكلمة,"*باء الإلصاق، وهو معنى لا يفارقه عندما يدخل على الأسماء كحرف غير أصلي.
* باء التعدية.
* باء الاستعانة، وهي الداخلة على آلة الفعل، كقولك: كتبت بالقلم.
* باء التوكيد حيث يتصل بالفاعل فيكون حرفًا زائدا للتوكيد.",قوله تعالى: {وامسحوا برءوسكم} * خرجتُ بزيد؛ فمعناه: أخرجت زيداً * كقولك: كتبت بالقلم. * قوله تعالى: {وكفى بالله حسيبا} (النساء:6),NULL,ب
التحوّل في دلالة الزمن ( الطلب - النفي - الاستمرارية - التحذير ),لا يوجد له أثر,*,NULL,ب
علاقته في التقديم والتأخير ( وأثر ذلك في المعنى وإثارة الانتباه ),لا يوجد له أثر,*,NULL,ب
دوره في التوكيد ( لإبراز المعنى وتقويته ),لا يوجد له أثر,*,NULL,ب
دوره في الإنكار ( لإظهار الدهشة والاستغراب ),لا يوجد له أثر,*,NULL,ب
دوره في التلاعب اللفظي والجناس ( السجع - الجناس - التكرار ),تدخل في الجناس باختلاف حركة الباء,البِرّ والبَرّ والبُرّ,NULL,ب
دوره في الفصاحة والبيان (تحسين البناء اللفظي للجملة وزيادة وضوح المعنى وقوّته),لها ثلاثة عشر معنى ومنها حرف جر غير زائد,"منها الاستعلاء: ""مِنْ أَهْلِ الْكِتَابِ مَنْ إِنْ تَأْمَنْهُ بِقِنْطَارٍ يُؤَدِّهِ إِلَيْكَ""",NULL,ب
أثره على الإيحاءات العاطفية والنفسية في السّياق,لا يوجد له أثر,*,NULL,ب
التحوّل في معنى الكلمة,التحوّل في معنى الكلمة عند دخول التاء قد يأخذ عدة أشكال. حرف التاء يحمل دلالات نحوية وصرفية تؤثر في المعنى، فقد يكون أداة تأنيث، أو ضميرًا، أو جزءًا من بنية الكلمة لإضافة معانٍ مثل المبالغة أو المطاوعة. مثلاً: تحوّل الفعل إلى مصدر (كتب ← كتابة)، أو إضافة التاء للتصغير (كتاب ← كتيّب) أو للتأنيث (كاتب ← كاتبة) أو للتكبير (رجل ← رجالات). كما قد تغيّر التاء معنى الفعل نفسه (فتح ← فتحة ← فتّاحة).,"كَتَبَ → كِتَابَة
قَالَ → مَقَالَة
كِتَاب → كُتَيِّب
رَجُل → رِجَالات
عالِم → عالِمَة
فَتَحَ → فُتْحَة → فَتَّاحَة",NULL,ت
التحوّل في دلالة الزمن ( الطلب - النفي - الاستمرارية - التحذير ),حرف التاء يلعب دورًا مهمًا في تحوّل دلالة الزمن ضمن السياقات المختلفة (الطلب، النفي، الاستمرارية، التحذير). فتأتي التاء في أفعال الأمر للمخاطب (تقدمْ، تعلمْ) للدلالة على الطلب، وفي أفعال النفي للمخاطبة الأنثى (لا تذهبي، لا تأكلي)، وفي المضارع المبدوء بالتاء (تكتب) للدلالة على الاستمرارية، وفي صيغ النهي أو التحذير (لا تتكلم في الصف).,"تَقَدَّمْ، تَعَلَّمْ
لا تَذْهَبِي، لا تَأكُلِي
تَكْتُب
لا تَتَكَلَّمْ في الصَّفِّ",NULL,ت
علاقته في التقديم والتأخير (وأثر ذلك في المعنى وإثارة الانتباه),لا يوجد له دور.,*,NULL,ت
دوره في التوكيد (لإبراز المعنى وتقويته),"يلعب حرف التاء دورًا مهمًا في التوكيد وإبراز المعنى، إذ يحدد الفاعل أو المخاطَب، مثل ""كتبتُ الدرسَ"" للتوكيد على المتكلم، أو ""كتبتَ الدرسَ"" لتوكيد المخاطب. كما يمكن أن يظهر في صيغ القسم للتوكيد، مثل: ""تاللهِ لأفعلنَّ كذا"".","كَتَبْتُ الدَرْسَ
كَتَبْتَ الواجِبَ
تَاللهِ لأَفْعَلَنَّ كَذَا",NULL,ت
دوره في الإنكار (لإظهار الدهشة والاستغراب),"يمكن أن يرد حرف التاء في بنية الفعل المضارع أو ضمير المخاطب، فيعبّر عن الدهشة أو الاستغراب، مثل قولنا: ""أتفعل هذا وأنت العاقل؟!"" حيث يشير استخدام التاء إلى تأكيد المخاطب وهو ما يضفي نبرة إنكار واستغراب على الجملة.",أَتَفْعَلُ هَذَا؟ أَتَدْرُسُ أَمْ تَتْرُكُ الدَّرْسَ؟,NULL,ت
دوره في التلاعب اللفظي والجناس (السجع - الجناس - التكرار),لا يوجد له دور.,*,NULL,ت
دوره في الفصاحة والبيان (تحسين البناء اللفظي للجملة وزيادة وضوح المعنى وقوّته),حرف التاء من الحروف الأساسية في العربية، ويسهم في وضوح المعنى وقوّته عبر تصريف الأفعال (تكلّمتُ، تكلّمتَ) وتحديد الفاعل والمخاطب بدقة. كما يُستخدم للتوكيد والقسم (تاللهِ)، أو للدلالة على المبالغة والمشاركة (اجتهدتُ، اقتتلوا). كل ذلك يعزز الفصاحة والبيان في التعبير.,"(تَكَلَّمْتُ، تَكَلَّمْتَ، تَكَلَّمْتِ)
تَاللهِ، اجْتَهَدْتُ، اقْتَتَلُوا",NULL,ت
أثره على الإيحاءات العاطفية والنفسية في السّياق,"حرف التاء، كصوت انفجاري مهموس، قد يُستخدم في كلمات تُعبّر عن القسوة أو التردد (""تأنيب""، ""توتر"") أو الرقة والنعومة (""تمتمة""، ""تنهيدة""). وقد يرمز أحيانًا في الشعر والأدب إلى الانتظار أو الحركة، مما يثري الإيحاءات العاطفية للنص. أمثلة: ""تردد""، ""توتر""، ""تواسي""، ""تنهيدة"".","تَأَنِيب، تَوَتُّر
تَمْتَمَة، تَنْهِيدَة
تُوَاسِي، تَرَفَّق",NULL,ت
التحوّل في معنى الكلمة,"قد يؤثر حرف الثاء على تحول المعنى عند زيادته في التضعيف، مثل زيادة الثاء في بعض الأفعال أو الكلمات، مما ينقلها من معنى إلى آخر (كالانتقال من ""مثل"" إلى ""مثَّل"" = التمثيل).","مثَّل (انتقل المعنى من ""مثل"" بمعنى حضر إلى ""التمثيل"")",NULL,ث
التحوّل في دلالة الزمن ( الطلب - النفي - الاستمرارية - التحذير ),الحرف لا علاقة له في دلالة الزمن ( الطلب - النفي - الاستمرارية - التحذير ) .,*,NULL,ث
علاقته في التقديم والتأخير (وأثر ذلك في المعنى وإثارة الانتباه),الحرف لا علاقة له في التقديم والتأخير .,*,NULL,ث
دوره في التوكيد (لإبراز المعنى وتقويته),الحرف لا علاقة له بالتوكيد.,*,NULL,ث
دوره في الإنكار (لإظهار الدهشة والاستغراب),لا علاقة له في هذا السياق.,*,NULL,ث
دوره في التلاعب اللفظي والجناس (السجع - الجناس - التكرار),يمكن أن يُستعمل حرف الثاء في السجع والجناس والتكرار لتحسين الإيقاع الصوتي، كونه حرفًا ذا جَرْس واضح.,الحقُّ ثبتَ، والصدقُ أثبتَ,NULL,ث
دوره في الفصاحة والبيان (تحسين البناء اللفظي للجملة وزيادة وضوح المعنى وقوّته),يتميز الثاء بأنه صوت مهموس رخْو فيه صفير خفيف، يضفي لطفًا ورقّةً على الجملة عند استخدامه في مواضع السكون أو التوسط بين الحروف الشديدة، مما يكسر حدة الجمل.,"قول النبي ﷺ: ""ثلاثة لا يُردّ دعاؤهم"" — فيه طلاوة وانتظام صوتي مميز.",NULL,ث
أثره على الإيحاءات العاطفية والنفسية في السّياق,قد يضفي استخدام الثاء بعدًا إيحائيًا دالًا على الرسوخ أو الثبات في بعض الكلمات، مما يقوّي المعنى ويؤثر في النبرة العاطفية للنص.,"مثلاً في كلمات مثل ""ثبات""، ""مثابر""، ""تثبّت"" تُوحي بالاستقرار والديمومة.",NULL,ث
التحوّل في معنى الكلمة,لا يؤثر حرف الجيم على الكلمة عند إضافته.,NULL,NULL,ج
التحوّل في دلالة الزمن ( الطلب - النفي - الاستمرارية - التحذير ),لا يدخل حرف الجيم في النفي أو التحذير، إذ إنه لا يضيف وظيفة زمنية خاصة.,*,NULL,ج
علاقته في التقديم والتأخير (وأثر ذلك في المعنى وإثارة الانتباه),لا يتعلق حرف الجيم بأسلوب التقديم والتأخير.,*,NULL,ج
دوره في التوكيد ( لإبراز المعنى وتقويته ),لا يؤثر حرف الجيم على التوكيد؛ فهو من بنيــة الكلمة فحسب.,NULL,NULL,ج
دوره في الإنكار ( لإظهار الدهشة والاستغراب ),لا يتعلق حرف الجيم بالدهشة أو الاستغراب.,*,NULL,ج
دوره في التلاعب اللفظي والجناس (السجع - الجناس - التكرار),ليس له دور نحوي مباشر إلا إنْ دَخَل في المحسنات البديعية.,NULL,NULL,ج
دوره في الفصاحة والبيان (تحسين البناء اللفظي للجملة وزيادة وضوح المعنى وقوّته),ليس له دور مباشر في الفصاحة والبيان إلا من خلال السياق ووجوده في بنية الكلمة.,*,NULL,ج
أثره على الإيحاءات العاطفية والنفسية في السّياق,لا يؤدي حرف الجيم دورًا أساسيًا في الإيحاءات العاطفية أو النفسية في النص.,*,NULL,ج
التحوّل في معنى الكلمة,لا يؤثر حرف الحاء على بنية الكلمة في المعنى.,NULL,NULL,ح
التحوّل في دلالة الزمن ( الطلب - النفي - الاستمرارية - التحذير ),لا يدخل الحاء بصورة مستقلة في النفي أو التحذير أو دلالات الزمن.,*,NULL,ح
علاقته في التقديم والتأخير ( وأثر ذلك في المعنى وإثارة الانتباه ),لا يتعلق حرف الحاء بالتقديم أو التأخير.,*,NULL,ح
دوره في التوكيد ( لإبراز المعنى وتقويته ),لا يتعلق حرف الحاء في التوكيد .,*,NULL,ح
دوره في الإنكار ( لإظهار الدهشة والاستغراب ),لا يوجد له دور الإنكار,*,NULL,ح
دوره في التلاعب اللفظي والجناس ( السجع - الجناس - التكرار ),ليس له دور مباشر في المحسنات البديعية.,*,NULL,ح
دوره في الفصاحة والبيان (تحسين البناء اللفظي للجملة وزيادة وضوح المعنى وقوّته),لا يؤدي حرف الحاء دورًا أساسيًا في الفصاحة والبيان.,*,NULL,ح
أثره على الإيحاءات العاطفية والنفسية في السّياق,لا يؤدي حرف الحاء دورًا أساسيًا في الإيحاءات العاطفية أو النفسية في السياق.,*,NULL,ح
التحوّل في معنى الكلمة,لا يؤثر حرف الخاء على بنية الكلمة في المعنى لأنه يكون أصليًا في الجذر.,*,NULL,خ
التحوّل في دلالة الزمن ( الطلب - النفي - الاستمرارية - التحذير ),لا يدخل حرف الخاء في النفي أو التحذير أو أي دلالة زمنية محددة.,*,NULL,خ
علاقته في التقديم والتأخير ( وأثر ذلك في المعنى وإثارة الانتباه ),حرف الخاء لا علاقة له بأسلوب التقديم والتأخير ولا يُحدث تغييرًا في المعنى من هذه الجهة.,*,NULL,خ
دوره في التوكيد ( لإبراز المعنى وتقويته ),لا دور له في التوكيد,*,NULL,خ
دوره في الإنكار ( لإظهار الدهشة والاستغراب ),لا يتعلق حرف الخاء بالإنكار.,*,NULL,خ
دوره في التلاعب اللفظي والجناس ( السجع - الجناس - التكرار ),ليس له دور مباشر في المحسنات البديعية، لكنه قد يرد في بنية الكلمة المستخدَمة في جناس أو سجع.,NULL,NULL,خ
دوره في الفصاحة والبيان (تحسين البناء اللفظي للجملة وزيادة وضوح المعنى وقوّته),لا يوجد له دور,*,NULL,خ
أثره على الإيحاءات العاطفية والنفسية في السّياق,لا يؤدي حرف الخاء دورًا عاطفيًا أو نفسيًا أساسيًا في السياق.,*,NULL,خ
التحوّل في معنى الكلمة,لا يؤثر على بنية الكلمة في المعنى لأنه يكون أصليًا لا زائدًا .,*,NULL,د
التحوّل في دلالة الزمن ( الطلب - النفي - الاستمرارية - التحذير ),لا يدخل الدال في النفي والتحذير.,*,NULL,د
علاقته في التقديم والتأخير (وأثر ذلك في المعنى وإثارة الانتباه),لا يتعلق حرف الدال بالتقديم والتأخير.,*,NULL,د
دوره في التوكيد ( لإبراز المعنى وتقويته ),يأتي حرف الدال لإبراز المعنى وتقويته في بعض الكلمات، خاصة عند التضعيف.,ودّاد,NULL,د
دوره في الإنكار ( لإظهار الدهشة والاستغراب ),ليس لحرف الدال دور بارز في الإنكار أو الدهشة، لكنه قد يرد في بعض السياقات التي تعبّر عن استغراب أو دهشة.,"دَعَاهُ يفعل ذلك!
دَهِشْتُ لما سمعت الخبر!",NULL,د
دوره في التلاعب اللفظي والجناس ( السجع - الجناس - التكرار ),"نظرًا لصفات حرف الدال، فقد استُخدم في أساليب السجع والجناس. يظهر في كلمات عدّة، منها ما ورد في سورة الإخلاص: تكرّر لفظ ""أحد"" بصور مختلفة.","قُلۡ هُوَ ٱللَّهُ أَحَدٌ
ٱللَّهُ ٱلصَّمَدُ
لَمۡ يَلِدۡ وَلَمۡ يُولَدۡ
وَلَمۡ يَكُن لَّهُۥ كُفُوًا أَحَدُ",NULL,د
دوره في الفصاحة والبيان (تحسين البناء اللفظي للجملة وزيادة وضوح المعنى وقوّته),"حرف ""الدال"" يؤثر في بناء الجملة ووضوح المعنى وتقوية الفصاحة، إذ قد يضيف بعدًا إيقاعيًا أو دلاليًا. مثال: ""دَلَّتِ السماءُ على المطر""؛ حيث يشير إلى دلالة واضحة.",دَلَّتِ السماءُ على المطر,NULL,د
أثره على الإيحاءات العاطفية والنفسية في السّياق,ليس للدال دورًا أساسيًا في الإيحاءات العاطفية أو النفسية.,*,NULL,د
التحوّل في معنى الكلمة,لا يؤثر حرف الذال على بنية الكلمة في المعنى؛ لأنه يكون أصليًا في الجذر، فتأخذ الكلمة معناها الكلي من تركيبها.,*,NULL,ذ
التحوّل في دلالة الزمن ( الطلب - النفي - الاستمرارية - التحذير ),لا يدخل حرف الذال في النفي أو التحذير.,*,NULL,ذ
علاقته في التقديم والتأخير (وأثر ذلك في المعنى وإثارة الانتباه),لا يوجد له دور في التقديم والتأخير,*,NULL,ذ
دوره في التوكيد ( لإبراز المعنى وتقويته ),لا يوجد له دور في التوكيد,*,NULL,ذ
دوره في الإنكار ( لإظهار الدهشة والاستغراب ),ليس لحرف الذال دور مستقل في الإنكار أو الدهشة، وإن وُجد فإنما هو في السياق اللغوي لا في الحرف ذاته.,*,NULL,ذ
دوره في التلاعب اللفظي والجناس ( السجع - الجناس - التكرار ),"نظرًا لصفات حرف الذال، فقد تُوظَّف ألفاظه في الجناس والسجع. مثال: ""ذَنْب"" (الإثم) و""ذَنَب"" (الذيل للحيوان)؛ هذا التشابه الصوتي يخلق جناسًا في بعض النصوص البلاغية.","ذَنْب بسكون النون
ذَنَب بفتح النون",NULL,ذ
دوره في الفصاحة والبيان (تحسين البناء اللفظي للجملة وزيادة وضوح المعنى وقوّته),"قد يُستخدم حرف الذال في بعض اللهجات أو الأساليب للتعبير عن الإنكار أو الدهشة أو الاستغراب، لكنه ليس له دور منفرد في العربية الفصحى. يمكن أن يساهم في قوة المعنى حسب تركيب الكلمة، كما في ""أَعْجِبْ بِأَخْذِكَهُ""؛ إذ يضيف عمقًا للعبارة.",أَعْجِبْ بِأَخْذِكَهُ، وأَعْجَبُ مِنْكُمَا أَنْ لَا تَكُونَ لِمِثْلِهِ أَخَّاذَا,NULL,ذ
أثره على الإيحاءات العاطفية والنفسية في السّياق,ليس لحرف الذال دورًا أساسيًا في الإيحاءات العاطفية.,*,NULL,ذ
التحوّل في معنى الكلمة,لا يؤثر على بنية الكلمة في المعنى لأنه يكون أصليًا فيها.,NULL,NULL,ر
التحوّل في دلالة الزمن ( الطلب - النفي - الاستمرارية - التحذير ),لا يدخل حرف الراء في النفي أو التحذير، ولا يؤدي وظيفة زمنية خاصة.,*,NULL,ر
علاقته في التقديم والتأخير (وأثر ذلك في المعنى وإثارة الانتباه),لا يتعلق حرف الراء بأسلوب التقديم والتأخير، فلا يؤثر في لفت الانتباه أو المعنى من هذه الجهة.,*,NULL,ر
دوره في التوكيد ( لإبراز المعنى وتقويته ),لا يوجد له دور في التوكيد,*,NULL,ر
دوره في الإنكار ( لإظهار الدهشة والاستغراب ),قد يرد حرف الراء في السياقات الإنكارية، لكنها لا ترتبط بخصيصة الإنكار في ذاته.,*,NULL,ر
دوره في التلاعب اللفظي والجناس ( السجع - الجناس - التكرار ),"له دور مباشر في المحسنات البديعية إذا وردت الراء في مواضع السجع والجناس والطباق، كما في: ""استقرّ الأمرُ وانتشرَ الخيرُ"" (سجع)، ""كرَّ ثم فرَّ"" (طباق).","استقرّ الأمرُ وانتشرَ الخيرُ
كرَّ ثم فرَّ
وَقَبْرُ حَرْبٍ بِمَكَانٍ قَفْرٍ...",NULL,ر
دوره في الفصاحة والبيان (تحسين البناء اللفظي للجملة وزيادة وضوح المعنى وقوّته),لا بوجد له دور في الفصاحة والبيان .,*,NULL,ر
أثره على الإيحاءات العاطفية والنفسية في السّياق,ليس له دورًا أساسيًا في الإيحاءات العاطفية والنفسية، إذ يرتبط ذلك غالبًا بدلالة الكلمة نفسها ضمن السياق.,*,NULL,ر
التحوّل في معنى الكلمة,لا يؤثر حرف الزاي على بنية الكلمة في المعنى؛ لأنه يكون أصليًا فيها، فالمعنى يُستمد من الكلمة كلها لا من الحرف وحده.,"زَعْفَرَان
زَيْت
زَئِير",NULL,ز
التحوّل في دلالة الزمن ( الطلب - النفي - الاستمرارية - التحذير ),لا يدخل حرف الزاي في النفي أو التحذير.,*,NULL,ز
علاقته في التقديم والتأخير (وأثر ذلك في المعنى وإثارة الانتباه),لا يتعلق حرف الزاي بالتقديم والتأخير.,*,NULL,ز
دوره في التوكيد ( لإبراز المعنى وتقويته ),لا يوجد له دور,*,NULL,ز
دوره في الإنكار ( لإظهار الدهشة والاستغراب ),لا يوجد له دور في الإنكار,*,*,ز
دوره في التلاعب اللفظي والجناس ( السجع - الجناس - التكرار ),"يظهر الجناس الناقص في قوله تعالى: {وَيْلٌ لِّكُلِّ هُمَزَةٍ لُّمَزَةٍ} بين ""همزة"" و""لمزة""؛ فقد اختلفتا في حرفين (الهاء واللام)، واتفقتا في بقية الشروط. كما يستخدم حرف الزاي أحيانًا في السجع والشعر لخلق إيقاع أو روي متقارب.","بُنَيَّ إِذا ما سامَكَ الذُلَّ قاهِرٌ
عَزيزٌ فَبَعضُ الذُلِّ أَبقى وَأَحرَزُ
... إلخ",NULL,ز
دوره في الفصاحة والبيان (تحسين البناء اللفظي للجملة وزيادة وضوح المعنى وقوّته),ليس له دور في الفصاحة والبيان,*,NULL,ز
أثره على الإيحاءات العاطفية والنفسية في السّياق,ليس للزاي دورًا أساسيًا في الإيحاءات العاطفية أو النفسية، إذ يعتمد ذلك على دلالة الكلمة نفسها في السياق.,*,NULL,ز
التحوّل في معنى الكلمة,قد يؤدي وجود السين إلى تغيّر دلالة الكلمة، خاصة عند زيادتها، فيعطي معاني جديدة مثل الطلب أو التحوّل أو المطاوعة.,"كتب → استكتب (طلب الكتابة)
قام → استقام (تحوّل إلى القيام باستمرار)",NULL,س
التحوّل في دلالة الزمن ( الطلب - النفي - الاستمرارية - التحذير ),"- السين في الأفعال المضارعة تدل على الاستقبال القريب أو التسويف.
- قد تستعمل للتحذير والوعيد في مواضع قرآنية.","سأكتب (استقبال قريب)
سيعلمون (تحذير ووعيد، التكاثر: 3)",NULL,س
علاقته في التقديم والتأخير (وأثر ذلك في المعنى وإثارة الانتباه),قد يأتي السين متقدّمًا في الجملة لتعجيل المعنى أو التشويق، وقد يُؤخَّر لإبراز الفاعل أو المبتدأ أولًا.,"سيفوز المجتهد (توكيد سريع)
المجتهد سيفوز (تركيز على الفاعل)",NULL,س
دوره في التوكيد ( لإبراز المعنى وتقويته ),قد يُستخدم السين لتوكيد المستقبل القريب، مما يزيد من يقينية الحدث في ذهن المستمع.,سيحدث ذلك قريبًا، سترى الفرق بنفسك,NULL,س
دوره في الإنكار ( لإظهار الدهشة والاستغراب ),قد يُستخدم السين في سياق إنكاري، خاصة عند التعجب من أمر غير متوقّع.,أسينجح هذا الطالب بعد كل تقصيره؟!,NULL,س
دوره في التلاعب اللفظي والجناس ( السجع - الجناس - التكرار ),حرف السين يُستخدم بكثرة في السجع والجناس والتكرار لتعزيز الجمال اللفظي والإيقاع.,سلامٌ على سامعِ السّلام (سجع)، ساء سعيُهم (جناس ناقص),NULL,س
دوره في الفصاحة والبيان (تحسين البناء اللفظي للجملة وزيادة وضوح المعنى وقوّته),السين من الأحرف التي تُسهم في تحسين الإيقاع، خاصة في النصوص القرآنية والشعر، ما يعزّز وضوح المعنى وقوّته.,سيعلم الذين ظلموا أيَّ منقلبٍ ينقلبون (الشعراء: 227),NULL,س
أثره على الإيحاءات العاطفية والنفسية في السّياق,السين حرف رخو مهم في الإيقاع الصوتي، قد يضفي شعورًا بالسكينة أو ينقل معنى التسويف أو التهديد، مما يوحي بالجدية أو الخوف في بعض السياقات.,"سلامٌ عليك يومَ وُلدتَ...
سيعلم الذين ظلموا أيَّ منقلبٍ ينقلبون",NULL,س
التحوّل في معنى الكلمة,لا يؤثر على بنية الكلمة في المعنى لأنه يكون أصليًا.,NULL,NULL,ش
التحوّل في دلالة الزمن ( الطلب - النفي - الاستمرارية - التحذير ),لا يدخل الشين في النفي والتحذير.,*,NULL,ش
علاقته في التقديم والتأخير (وأثر ذلك في المعنى وإثارة الانتباه),لا يتعلق حرف الشين بالتقديم والتأخير.,*,NULL,ش
دوره في التوكيد ( لإبراز المعنى وتقويته ),لا يوجد له دور,*,NULL,ش
دوره في الإنكار ( لإظهار الدهشة والاستغراب ),ليس لحرف الشين دور في الانكار والدهشة.,*,NULL,ش
دوره في التلاعب اللفظي والجناس ( السجع - الجناس - التكرار ),"يُعتبر حرف الشين من الأحرف التي تُستخدم بشكل واضح في الأساليب البلاغية مثل السجع والجناس نظرًا لصفاته، وخصوصًا عند تكرار صوت ""ش"" في الكلام.","شَجَعَ الشجعانَ على الشجاعة
والحُسن يظهر في شيئين رونقه ... بيت من الشعر أو بيتٍ من الشعر",NULL,ش
دوره في الفصاحة والبيان (تحسين البناء اللفظي للجملة وزيادة وضوح المعنى وقوّته),ليس له دورًا أساسيًا,*,NULL,ش
أثره على الإيحاءات العاطفية والنفسية في السّياق,ليس له دورًا أساسيًا في الإيحاءات العاطفية في السياق إلا من خلال معاني الكلمات.,*,NULL,ش
دوره في التلاعب اللفظي والجناس ( السجع - الجناس - التكرار ),"يُعتبر حرف الصاد (ص) من الأحرف القوية في اللغة العربية، ويستخدم بشكل ملحوظ في الأساليب البلاغية مثل السجع، الجناس،
والتكرار",القصص ، قصصنا ، فاقصص، ( منْ طَلَبَ الرُخْصِ، وَقَعَ في النَّقْصِ ) .,NULL,ص
أثره على الإيحاءات العاطفية والنفسية في السّياق,لا تؤثر,NULL,NULL,ص
دوره في الفصاحة والبيان( تحسين البناء اللفظي للجملة وزيادة وضوح المعنى وقوّته ),يُعدّ حرف الصاد من الأحرف القوية والمجهورة في اللغة العربية، مما يجعله مؤثرًا في تحسين البناء اللفظي للجملة، وزيادة وضوح المعنى وقوّته,"""صَهِيلُ الخَيْلِ في الميدان يزيدها شجاعة
الصَّبْرُ مرّ، لكن عَاقِبَته صَواب""",NULL,ص
دوره في الإنكار ( لإظهار الدهشة والاستغراب  ),ليس لحرف الصاد دور في الانكار والدهشة,*,NULL,ص
دوره في التوكيد ( لإبراز المعنى وتقويته ),ليس من أدوات التوكيد,*,NULL,ص
علاقته في التقديم والتأخير (  وأثر ذلك في المعنى  وإثارة الانتباه ),لا يتعلق حرف الصاد بالتقديم والتأخير,*,NULL,ص
التحوّل في دلالة الزمن ( الطلب - النفي- الاستمرارية - التحذير ),لا يدخل الصاد في النفي  والتحذير,*,NULL,ص
التحوّل في معنى الكلمة,لا يؤثر على بنية الكلمة في المعنى لأنه يكون أصليا,*,NULL,ص
التحوّل في معنى الكلمة,لا يؤثر حرف الضاد على بنية الكلمة في معناها.,*,NULL,ض
التحوّل في دلالة الزمن ( الطلب - النفي - الاستمرارية - التحذير ),لا يدخل حرف الضاد في النفي والتحذير بصفة مستقلة، فلا يؤدي وظيفة زمنية خاصة.,*,NULL,ض
علاقته في التقديم والتأخير (وأثر ذلك في المعنى وإثارة الانتباه),لا يتعلق حرف الضاد بأسلوب التقديم أو التأخير، ولا يغيّر ترتيبات العناصر في الجملة.,*,NULL,ض
دوره في التوكيد ( لإبراز المعنى وتقويته ),ليس له دور,*,NULL,ض
دوره في الإنكار ( لإظهار الدهشة والاستغراب ),ليس لحرف الضاد دور في الإنكار أو الدهشة.,*,NULL,ض
دوره في التلاعب اللفظي والجناس ( السجع - الجناس - التكرار ),يُعتبر حرف الضاد من الأحرف القوية في العربية، ويستخدم في الأساليب البلاغية مثل السجع والجناس.,"إذا رماك الدهر في معشر قد أجمع الناس على بغضهم
فدارِهِمْ ما دامت في دارِهِمْ وأرضِهِمْ ما دمت في أرضِهِمْ",NULL,ض
دوره في الفصاحة والبيان (تحسين البناء اللفظي للجملة وزيادة وضوح المعنى وقوّته),لا يود دور له,*,NULL,ض
أثره على الإيحاءات العاطفية والنفسية في السّياق,ليس للضاد دورًا أساسيًا في الإيحاءات العاطفية أو النفسية؛ تعتمد على دلالة الكلمة نفسها.,*,NULL,ض
التحوّل في معنى الكلمة,الطاء حرف جذري يُغير المعنى بالكامل بتغيير موقعه أو دخوله في الجذر و يصنع فرقًا دلاليًا في الكلمات المتشابهة,طَبَعَ ⬅بمعنى ختم / طَبِع ⬅خُلُق /طَبُعَ ⬅حسن خلقه,NULL,ط
التحوّل في دلالة الزمن ( الطلب - النفي- الاستمرارية - التحذير ),"الطاء تظهر في صيغ الأمر غالبًا ما تضفي نبرة حاسمة أو جادة بسبب طبيعتها الصوتية المفخمة , لا تستخدم في النفي و الاستمرارية , يمكن تستخدم في التحذير  و تضفي قوة في المعنى",اطبع اسمك,"""مثال عن الكلمات التحذيرية"" : طفيان , طعنة ""إياك و الطفيان""",ط
علاقته في التقديم والتأخير ( وأثر ذلك في المعنى وإثارة الانتباه ),قد تؤثر في إيقاع الجملة و معناها اذا تم التقديم و التأخير,التقديم : طفت مشاعر الفرح على الجميع,التأخير : في النهاية طفى الظلم على الحقيقة,ط
دوره في التوكيد ( لإبراز المعنى وتقويته ),لا دور له,*,NULL,ط
دوره في الإنكار ( لإظهار الدهشة والاستغراب ),من خلال نغمتها الصوتية القوية و تأثيرها في التراكيب البلاغية مما يضفي قوة و شدة للإنكار في السياق,"ما طفى , و لا طَفَت قلوبهم",NULL,ط
دوره في التلاعب اللفظي والجناس ( السجع - الجناس - التكرار ),تستخدم في التلاعب اللفظي لأنه حرف قوي  و تدخل في الجناس حيث يضيف نغمة واضحة في السجع و التكرار,"طبع على قلبه , فساء طبْعُه",NULL,ط
دوره في الفصاحة والبيان (تحسين البناء اللفظي للجملة وزيادة وضوح المعنى وقوّته),"الطاء من الحروف المفخمة الثقيلة , و تضفي على النطق جزالة ووضوحًا","كلمات مثل : طريف , طموح , طائل","""تحمل رنينًا فصيحًا و مؤثرًا""",ط
أثره على الإيحاءات العاطفية والنفسية في السّياق,"صوت يترك أثرًا نفسيًا حادًا , فهو حرف يُثير بالاحساس بالحدة والخوف حسب السياق","طعن , طرد , طفى","""ألفاظ حادة نفسيًا و تُحدث توترًا للسامع""",ط
التحوّل في معنى الكلمة,لا يحدث تحولات دلالية في معناها عند اشتقاقها إلى كلمات,NULL,NULL,ظ
التحوّل في دلالة الزمن ( الطلب - النفي- الاستمرارية - التحذير ),لا يحدث تحولات دلالية لاعتباره جزءا من جذر الكلمة,*,NULL,ظ
علاقته في التقديم والتأخير ( وأثر ذلك في المعنى وإثارة الانتباه ),يمكن أن يؤثر على التركيز الدلالي في الجملة و حسب السياق,"ظلمت حقه , حقه ظلمته",NULL,ظ
دوره في التوكيد ( لإبراز المعنى وتقويته ),وجود حرف الظاء في بعض الكلمات قد يُضفي معنى قويًا أو يحمل طابعًا مشددًا,إن الظالم لا يفلح,NULL,ظ
دوره في الإنكار ( لإظهار الدهشة والاستغراب ),قد يرد ضمن كلمات تدل على الإنكار,ما ظلمت أحد,NULL,ظ
دوره في التلاعب اللفظي والجناس ( السجع - الجناس - التكرار ),يساعد في ظهور إيقاع لغوي مميز و تقابل معنوي قوي,"الظالم في ظلمه , و المظلوم في مظلة",NULL,ظ
دوره في الفصاحة والبيان( تحسين البناء اللفظي للجملة وزيادة وضوح المعنى وقوّته ),"له دور واضح من ناحيتين أساسيتين : الصوت و التمييز الدلالي , ففي الفصاحة يجعل الكلمة واضحة و سليمة , في البيان يساهم في تصوير المعنى بدقة","في ظِلال العدل تزهر الحياة , و في ظلمة الظلم تذبل القلوب .",NULL,ظ
أثره على الإيحاءات العاطفية والنفسية في السّياق,يمكن أثره عن القسوة و الألم و السكينة و الحماية,"ظلم , ظلمة  / ظل , ظلال",NULL,ظ
التحوّل في معنى الكلمة,لا يؤثر على بنية الكلمة في المعنى لأنه يكون أصليًا؛ فهي تستمد معناها من الكلمة التي دخلت عليها.,*,NULL,ع
التحوّل في دلالة الزمن ( الطلب - النفي - الاستمرارية - التحذير ),لا يدخل حرف العين في النفي أو التحذير ولا يؤدي وظيفة زمنية خاصة.,*,NULL,ع
علاقته في التقديم والتأخير (وأثر ذلك في المعنى وإثارة الانتباه),لا يتعلق حرف العين بالتقديم أو التأخير ولا يلفت الانتباه من هذه الجهة.,*,NULL,ع
دوره في التوكيد ( لإبراز المعنى وتقويته ),لا دور له,*,NULL,ع
دوره في الإنكار ( لإظهار الدهشة والاستغراب ),ليس لحرف العين دور في الإنكار أو الدهشة إلا إذا اقتضى السياق.,NULL,NULL,ع
دوره في التلاعب اللفظي والجناس ( السجع - الجناس - التكرار ),"يلعب حرف العين دورًا بارزًا في الجناس لما يحمله من صفات، كما في قول البحتري ""إذا العين راحت وهي عينٌ على الهوى..."" حيث العين الأولى للنظر والثانية بمعنى الجاسوس. ويُستخدم كذلك في السجع مثل: (الصوم حرمان مشروع، وتأديب بالجوع، وخشوع لله وخضوع).","قول البحتري: إذا العين راحت وهي عينٌ على الهوى...
(الصوم حرمان مشروع، وتأديب بالجوع...)",NULL,ع
دوره في الفصاحة والبيان (تحسين البناء اللفظي للجملة وزيادة وضوح المعنى وقوّته),لا دور له,*,NULL,ع
أثره على الإيحاءات العاطفية والنفسية في السّياق,ليس له دورًا أساسيًا في الإيحاءات العاطفية أو النفسية؛ ويعتمد ذلك على معاني الكلمات.,*,NULL,ع
التحوّل في معنى الكلمة,لا يؤثر على بنية الكلمة في المعنى لأنه يكون أصليًا، فهي تستمد معناها من التركيب العام.,*,NULL,غ
التحوّل في دلالة الزمن ( الطلب - النفي - الاستمرارية - التحذير ),لا يدخل حرف الغين في النفي أو التحذير، فلا يضطلع بوظيفة زمنية خاصة.,*,NULL,غ
علاقته في التقديم والتأخير (وأثر ذلك في المعنى وإثارة الانتباه),لا يتعلق حرف الغين بالتقديم والتأخير، فلا يؤثر في لفت الانتباه أو تغيير الترتيب.,*,NULL,غ
دوره في التوكيد ( لإبراز المعنى وتقويته ),لا دور له,*,NULL,غ
دوره في الإنكار ( لإظهار الدهشة والاستغراب ),لا دور له,*,NULL,غ
دوره في التلاعب اللفظي والجناس ( السجع - الجناس - التكرار ),ليس له دور مباشر في المحسنات البديعية ولكنه قد يكون في بنية الكلمة التي يدخل فيها الجناس أو السجع.,*,NULL,غ
دوره في الفصاحة والبيان (تحسين البناء اللفظي للجملة وزيادة وضوح المعنى وقوّته),لا دور له,*,NULL,غ
أثره على الإيحاءات العاطفية والنفسية في السّياق,ليس له دورًا أساسيًا في الإيحاءات العاطفية أو النفسية؛ يعتمد الأمر على المعاني التي تحملها الكلمة.,*,NULL,غ
التحوّل في معنى الكلمة,تفيد الفاء الترتيب والتعقيب والسببية، وتأتي أحيانًا زائدة للتوكيد. يتضح ذلك في مواضع كثيرة من القرآن الكريم وتراكيب اللغة العربية.,"قال تعالى: ""ثُمَّ خَلَقْنَا النُّطْفَةَ عَلَقَةً فَخَلَقْنَا الْعَلَقَةَ مُضْغَةً فَخَلَقْنَا الْمُضْغَةَ عِظَامًا فَكَسَوْنَا الْعِظَامَ لَحْمًا""
قال تعالى: ""الَّذِي خَلَقَكَ فَسَوَّاكَ فَعَدَلَكَ""",NULL,ف
التحوّل في دلالة الزمن ( الطلب - النفي - الاستمرارية - التحذير ),لا يدخل حرف الفاء في النفي أو التحذير استقلالًا، إذ لا يؤدي وظيفة زمنية خاصة.,*,NULL,ف
علاقته في التقديم والتأخير (وأثر ذلك في المعنى وإثارة الانتباه),لا يتعلق حرف الفاء بأسلوب التقديم أو التأخير؛ فلا يغير مواضع الكلمات من حيث شدّة لفت الانتباه.,*,NULL,ف
دوره في التوكيد ( لإبراز المعنى وتقويته ),حرف الفاء يربط بين الألفاظ ولكنه يضيف جانبًا دلاليًا لتوكيد المعنى وإبرازه، كما في التحذير والتنبيه؛ وهذا شائع في القرآن الكريم وفي الأساليب البلاغية.,"إنَّ مَعَ العُسْرِ يُسْرًا، فَإِنَّ مَعَ العُسْرِ يُسْرًا
لا تقترب من الظلم فعاقبته وخيمة!",NULL,ف
دوره في الإنكار ( لإظهار الدهشة والاستغراب ),ليس لحرف الفاء دور مباشر في الإنكار أو إظهار الدهشة والاستغراب.,*,NULL,ف
دوره في التلاعب اللفظي والجناس ( السجع - الجناس - التكرار ),يمكن أن يُستخدم حرف الفاء في بناء بعض الأشكال البلاغية كالجناس والسجع، لكن دوره ليس بقوة حروف أخرى مثل الشين. ومع ذلك قد يظهر في تركيب الجملة البلاغية لإبراز فوارق المعنى أو لإضفاء إيقاعٍ خاص.,"الفقرُ فقرُ الأخلاقِ، لا فقرُ الأموالِ. (جناس ناقص في المعنى بين فقر ""الحاجة"" وفقر ""النقص"")
من نَفَع عَفَّ، ومن قُطع جَفَّ",NULL,ف
دوره في الفصاحة والبيان (تحسين البناء اللفظي للجملة وزيادة وضوح المعنى وقوّته),حرف الفاء من الأحرف التي تلعب دورًا مهمًا في إيصال المعاني بوضوح ودقة؛ فهو ليس مجرد أداة ربط بل يمتلك تأثيرًا إيقاعيًا ودلاليًا يعزز جمال النصوص وسلاستها، ويُبرز السرعة أو التتابع الزمني بين الأفعال.,"""استيقظ فصلِّ.""
""ضربته فبكى.""
""فَلا تحسَبَنَّ المجدَ زِقًّا وقَينَةً فَما المجدُ إلا السيفُ والرأيُ والأدبُ""",NULL,ف
أثره على الإيحاءات العاطفية والنفسية في السّياق,تمنح الفاء شعورًا بالتوتر أو السرعة في الاستجابة، خصوصًا عند ربط حدثٍ متبوعٍ بردِّ فعل فوري في سياق درامي. يُستدل بها على سرعة الانفعال مما ينعكس على نفسية المتلقّي.,صرخ الطفل فارتجف الجميع!,NULL,ف
التحوّل في معنى الكلمة,لا يؤثر على بنية الكلمة في المعنى .,*,NULL,ق
التحوّل في دلالة الزمن ( الطلب - النفي - الاستمرارية - التحذير ),لا يدخل حرف القاف في النفي أو التحذير.,*,NULL,ق
علاقته في التقديم والتأخير (وأثر ذلك في المعنى وإثارة الانتباه),لا يتعلق حرف القاف بالتقديم والتأخير.,*,NULL,ق
دوره في التوكيد ( لإبراز المعنى وتقويته ),ليس له دور مستقل في معظم التراكيب.,*,NULL,ق
دوره في الإنكار ( لإظهار الدهشة والاستغراب ),ليس لحرف القاف دور في الإنكار أو الدهشة.,*,NULL,ق
دوره في التلاعب اللفظي والجناس ( السجع - الجناس - التكرار ),"يُعتبر حرف القاف من الأحرف القوية في العربية، ويُستخدم أحيانًا في السجع والجناس لإضفاء نغمة قوية. على سبيل المثال قول الله تعالى: ""قُلْ أَعُوذُ بِرَبِّ ٱلْفَلَقِ * مِن شَرِّ مَا خَلَقَ"".","قُلْ أَعُوذُ بِرَبِّ ٱلْفَلَقِ * مِن شَرِّ مَا خَلَقَ
وَظَنَّ أَنَّهُ ٱلْفِرَاقُ * وَٱلْتَفَّتِ ٱلسَّاقُ بِٱلسَّاقِ",NULL,ق
دوره في الفصاحة والبيان (تحسين البناء اللفظي للجملة وزيادة وضوح المعنى وقوّته),لا دور له,*,NULL,ق
أثره على الإيحاءات العاطفية والنفسية في السّياق,لا يؤدّي حرف القاف دورًا أساسيًا في الإيحاءات العاطفية.,*,NULL,ق
التحوّل في معنى الكلمة,كاف التشبيه: تشير إلى التشبيه عند دخولها على الأسماء كحرف غير أصلي، مثل: كالأرض، كالسماء، كالوَرَقِ.,"كالأرضِ
كالسماءِ
كالوَرَقِ",NULL,ك
التحوّل في دلالة الزمن ( الطلب - النفي - الاستمرارية - التحذير ),لا يدخل حرف الكاف في النفي والتحذير، وبالتالي لا يؤدي وظيفة زمنية خاصة.,*,NULL,ك
علاقته في التقديم والتأخير (وأثر ذلك في المعنى وإثارة الانتباه),لا يتعلق حرف الكاف بالتقديم والتأخير.,*,NULL,ك
دوره في التوكيد ( لإبراز المعنى وتقويته ),"تُستخدم الكاف أحيانًا لتوكيد المعنى وزيادة قوّته، خصوصًا عند الحديث عن الصفات أو الحالات. مثال: ""كان المعلم كالأب في رعايته للطلاب.""",كان المعلم كالأب في رعايته للطلاب.,NULL,ك
دوره في الإنكار (لإظهار الدهشة والاستغراب),قد ترد في سياقات إنكارية ولكنها لا تتعلق بمعنى الإنكار نفسه.,*,NULL,ك
دوره في التلاعب اللفظي والجناس (السجع - الجناس - التكرار),ليس له دور مباشر في المحسنات البديعية,*,NULL,ك
دوره في الفصاحة والبيان (تحسين البناء اللفظي للجملة وزيادة وضوح المعنى وقوّته),"عند قولنا: ""رأيُك كالشمس في وضوحه!"" نمنح المعنى قوّة التصوير البلاغي أكثر مما لو قلنا ""رأيك واضح"" فقط. بالتالي، يوظّف حرف الكاف للتشبيه والبلاغة.",رأيُك كالشمسِ في وضوحِه!,NULL,ك
أثره على الإيحاءات العاطفية والنفسية في السّياق,ليس له دورًا أساسيًا في الإيحاءات العاطفية.,*,NULL,ك
التحوّل في معنى الكلمة,تُضيف اللام معاني متعددة مثل التوكيد، الاختصاص، أو التعليل. على سبيل المثال، تخصيص الشكر لله وحده أو بيان سبب حدوث الفعل.,"الشكرُ لله وحده (تخصيص)
خرجتُ لِأتمشّى (سبب)",NULL,ل
التحوّل في دلالة الزمن ( الطلب - النفي - الاستمرارية - التحذير ),"تدخل اللام في أساليب الطلب والنفي والاستمرارية والتحذير. تُستخدم ""لام الأمر"" في الفعل المضارع لتحويله إلى صيغة الطلب أو الأمر.",ليفعلنَّ (طلب),NULL,ل
علاقته في التقديم والتأخير (وأثر ذلك في المعنى وإثارة الانتباه),قد تتقدم اللام على بعض العناصر لإبراز المعنى في الجملة، ما يلفت الانتباه أو يؤكّد دلالة معينة.,لَزيدٌ كريمٌ,NULL,ل
دوره في التوكيد ( لإبراز المعنى وتقويته ),تستعمل اللام في التوكيد كــ اللام المزحلقة ولام القسم، فتزيد المعنى رسوخًا وقوة.,لَعمركَ إنهم لفي سكرتهم يعمهون,NULL,ل
دوره في الإنكار ( لإظهار الدهشة والاستغراب ),قد تستعمل اللام في السياقات الإنكارية.,*,NULL,ل
دوره في التلاعب اللفظي والجناس ( السجع - الجناس - التكرار ),تسهم اللام في تحقيق السجع والجناس في بعض التراكيب البلاغية بفضل جَرْسها الصوتي المميز.,لَقَدْ علمتَ لَئِن أَخرَجْتَهُم لَيَخرُجنَّ,NULL,ل
دوره في الفصاحة والبيان (تحسين البناء اللفظي للجملة وزيادة وضوح المعنى وقوّته),تدخل اللام في أساليب الفصاحة والبيان؛ فتقرّب المعنى للقارئ وتضيف رِقَّة أو جزالة في السياق.,لَنُهدينهم سُبلنا,NULL,ل
أثره على الإيحاءات العاطفية والنفسية في السّياق,تؤثر اللام في السياق العاطفي والنفسي من خلال النبرة والمعنى في الجملة؛ قد تدل على تأكيد أو تمني أو عتاب.,لَوْلا أنتم لَكُنَّا مؤمنين,NULL,ل
التحوّل في معنى الكلمة,"تُضيف الميم معاني متعددة مثل المبالغة، النسبة، أو المصدرية. على سبيل المثال: ""قَدمَ"" → ""مِقدام"" (كثير الإقدام).",قَدمَ = مِقدام,NULL,م
التحوّل في دلالة الزمن ( الطلب - النفي - الاستمرارية - التحذير ),"الميم قد تظهر في أدوات أو تراكيب تدل على النفي أو الطلب أو التحذير، كما في ""ما فعلتُ"" للنفي، أو ""أم لم تنتبه"" (تحذير).","ما فعلتُ (نفي)
ما أشجعك!
أم لم تنتبه!",NULL,م
علاقته في التقديم والتأخير (وأثر ذلك في المعنى وإثارة الانتباه),قد تتقدم بعض الكلمات التي تبدأ بالميم لإبراز المعنى أو لفت الانتباه، مثل تقديم المبتدأ في جملة اسمية.,مُحسنٌ هو بدلًا من هو مُحسنٌ,NULL,م
دوره في التوكيد ( لإبراز المعنى وتقويته ),"تُستخدم الميم في التوكيد، مثل ""ما"" النافية والمصدرية، لتقوية النفي أو إبراز المعنى.",ما هذا إلا سحرٌ,NULL,م
دوره في الإنكار ( لإظهار الدهشة والاستغراب ),"قد تُستعمل الميم (كالأداة ""ما"") في سياقات إنكارية للتعبير عن الدهشة والاستغراب.",ما أغرب هذا الأمر!,NULL,م
دوره في التلاعب اللفظي والجناس ( السجع - الجناس - التكرار ),تسهم الميم في تحقيق السجع والجناس في بعض التراكيب؛ نظرًا لجَرَسِها الصوتي وانسجامها مع حروف أخرى.,ما مرّ من هنا إلا من مرّ مغلوبًا,NULL,م
دوره في الفصاحة والبيان (تحسين البناء اللفظي للجملة وزيادة وضوح المعنى وقوّته),يمكن أن تدخل الميم في أساليب الفصاحة والبيان، سواء في أدوات الاستفهام أو النفي أو غيرها، فتمنح الكلام وضوحًا وقوة.,مَن يزرع يحصد,NULL,م
أثره على الإيحاءات العاطفية والنفسية في السّياق,تؤثر الميم في السياق العاطفي والنفسي من خلال النبرة والمعنى، مثلًا في أدوات التعجب والنفي القوي.,ما أشدّ حزني اليوم,NULL,م
التحوّل في معنى الكلمة,تؤدي النون عند دخولها على بعض الكلمات إلى تغيير المعنى، مثل نون الجمع والمثنى التي تضيف دلالة العدد.,مهندس = مهندسون (جمع) = مهندسان (تثنية),NULL,ن
التحوّل في دلالة الزمن ( الطلب - النفي - الاستمرارية - التحذير ),"تدل نون التوكيد على الاستمرارية والقوة في الفعل، كقولك ""واللهِ لأفعلنَّ"". كذلك نون النسوة تدل على الفاعل المؤنث في المضارع.","والله لأفعلنَّ (نون التوكيد تفيد الإلزام)
ما فعلتُ (نفي)",NULL,ن
علاقته في التقديم والتأخير (وأثر ذلك في المعنى وإثارة الانتباه),قد تأتي النون في مواقع مختلفة لتحقيق التوازن الموسيقي أو الإيقاع في الكلام، وأيضًا للتأكيد بنون التوكيد عند تقديم الفعل.,لَنَسْفَعًا بالناصية (تقديم الفعل وتوكيده بنون التوكيد الثقيلة),NULL,ن
دوره في التوكيد ( لإبراز المعنى وتقويته ),تؤدي نون التوكيد الثقيلة والخفيفة دورًا مهمًا في تقوية المعنى، حيث تدل النون الثقيلة على الجزم والإصرار على الفعل.,واللهِ لأكتبنَّ الدرسَ (تفيد التوكيد القوي),NULL,ن
دوره في الإنكار ( لإظهار الدهشة والاستغراب ),قد تدخل النون على الكلمات في سياق الإنكار أو التعجب لزيادة الدلالة على الاستغراب أو الشدة.,أَئِنَّكَ لَأَنتَ يُوسُفُ؟! (النون زادت الاستغراب في السؤال),NULL,ن
دوره في التلاعب اللفظي والجناس ( السجع - الجناس - التكرار ),تدخل النون في التراكيب البلاغية لتمنح الكلام جمالية صوتية عبر السجع أو الجناس أو التكرار.,يرجون رحمةً، يخشون نقمةً (سجع بوجود النون في نهايات الكلمات),NULL,ن
دوره في الفصاحة والبيان (تحسين البناء اللفظي للجملة وزيادة وضوح المعنى وقوّته),النون من الحروف القوية التي تؤثّر على وضوح المعنى خاصة في الأفعال، وتساعد في ضبط الجملة نحويًا وبلاغيًا.,لَيُسْجَنَنَّ وَلَيَكُونًا مِنَ الصَّاغِرِينَ (قوة الفصاحة بالنون),NULL,ن
أثره على الإيحاءات العاطفية والنفسية في السّياق,تؤثر النون على الانفعال والسياق العاطفي، فهي قد تفيد الاستعطاف أو التهديد أو الاستمرار تبعًا لنوع النون وسياقها.,أتحسبنَّ الله غافلًا؟ (توحي بالنبرة التحذيرية),NULL,ن
التحوّل في معنى الكلمة,"قد يؤدي دخول الهاء إلى تغيير المعنى، خصوصًا إذا كانت هاء الضمير أو الترخيم. مثال: إضافة الهاء بعد ""وجه"" جعلته منسوبًا لشيء أو شخص محدد.",وجه (المعنى الأصلي: الجهة) → وجهُهُ (نسبة إلى شخص معيّن),NULL,ه
التحوّل في دلالة الزمن ( الطلب - النفي - الاستمرارية - التحذير ),"قد تأتي الهاء في تراكيب تدل على التوكيد والاستمرارية، أو كأداة للطلب أو التحذير، مثل ""مهْ"" (اكفف)، ""إيّاهُ"" (تحذير).","مهْ (أداة طلب)
إيّاهُ (تحذير)",NULL,ه
علاقته في التقديم والتأخير ( وأثر ذلك في المعنى وإثارة الانتباه ),يمكن أن تؤدي الهاء عند تأخيرها أو تقديمها إلى تغيير تركيبي يلفت الانتباه أو يبرز معنى معين.,"هو الحق (تقديم)
الحق هو (تأخير)",NULL,ه
دوره في التوكيد ( لإبراز المعنى وتقويته ),"تظهر في ضمائر الغائب غالبًا، مما يقوي ارتباط المعنى بالفاعل أو المفعول به، مثل ""إنّهُ الحقّ"".","إنّهُ الحقّ (توكيد)
إيّاهُ نعبد (توكيد الفعل)",NULL,ه
دوره في الإنكار ( لإظهار الدهشة والاستغراب ),"قد تأتي الهاء في تراكيب تُستخدم للتعجب أو الدهشة، مثل ""ويحهُ!"" أو ""واهاً له"".","ويحهُ!
واهاً له",NULL,ه
دوره في التلاعب اللفظي والجناس ( السجع - الجناس - التكرار ),تدخل الهاء في بعض التراكيب التي تحقق التكرار والجناس لإضفاء إيقاع لغوي، مثل آيات القرآن الكريم التي تنتهي بالهاء.,﴿ إِنَّ إِلَيْنَآ إِيَابَهُمْ * ثُمَّ إِنَّ عَلَيْنَا حِسَابَهُمْ ﴾,NULL,ه
دوره في الفصاحة والبيان (تحسين البناء اللفظي للجملة وزيادة وضوح المعنى وقوّته),يساعد وجود الهاء في بعض المواقع على تحسين الفصاحة والوضوح في الجملة، خاصة عند الإشارة إلى ضمير الغائب.,إنهُ الله لا إله إلا هو (توكيد الفاعل),NULL,ه
أثره على الإيحاءات العاطفية والنفسية في السّياق,"قد تضفي الهاء إحساسًا عاطفيًا عند إضافتها لبعض الكلمات أو الضمائر، مثل ""ويحَهُ"" (إيحاء بالشفقة والأسى).",ويحَهُ، آهٍ له (إيحاء بالحزن),NULL,ه
التحوّل في معنى الكلمة,لا يؤثر,*,NULL,و
التحوّل في دلالة الزمن ( الطلب - النفي - الاستمرارية - التحذير ),لا يؤثر,*,NULL,و
علاقته في التقديم والتأخير (وأثر ذلك في المعنى وإثارة الانتباه),لا يؤثر,*,NULL,و
دوره في التوكيد ( لإبراز المعنى وتقويته ),لا يؤثر,*,NULL,و
دوره في الإنكار ( لإظهار الدهشة والاستغراب ),لا يؤثر,*,NULL,و
دوره في التلاعب اللفظي والجناس ( السجع - الجناس - التكرار ),لا يؤثر,*,NULL,و
دوره في الفصاحة والبيان (تحسين البناء اللفظي للجملة وزيادة وضوح المعنى وقوّته),لا يؤثر,*,NULL,و
أثره على الإيحاءات العاطفية والنفسية في السّياق,لا يؤثر,*,NULL,و
التحوّل في معنى الكلمة,عند إضافة حرف الياء إلى بعض الكلمات في اللغة العربية، يحدث تحول دلالي يؤثر على معناها، والزيادة قد تؤدي إلى تغيير في المعنى من حيث النسبة، التصغير، التحبيب، التوكيد، أو تحويل الاسم إلى صفة. فمثلا النسبة عند إضافة الياء إلى بعض الكلمات، تتحول إلى صيغة النسبة، مثل: عرب → عربي (أي منسوب إلى العرب) إسلام → إسلامي (منسوب إلى الإسلام) علم → علمي (منسوب إلى العلم) ويمكن أن تؤدي زيادة الياء إلى تصغير أو تحبيب المعنى: أسد → أسيْد (تصغير بمعنى صغير الأسد أو تدليل الاسم) وفي بعض الكلمات، تتحول الأسماء إلى صفات عند إضافة الياء: شعر → شعري (أي متعلق بالشعر) دم → دموي (مرتبط بالدم أو القتل) ملك → ملكي (مرتبط بالملكية أو الملوك) وأحيانًا، تؤدي إضافة الياء إلى توكيد المعنى أو تغييره بشكل طفيف: خير → خيري (يدل على العمل الخيّر أو الشخص الذي يميل إلى الخير) شر → شري (نادر الاستخدام) وأحيانًا يضاف حرف الياء لتحويل الفعل أو الاسم إلى صيغة جديدة ذات معنى مختلف: هوى → هوائي (من الهواء أو متعلق به) يد → يدي (عند الإضافة إلى ضمير المتكلم).,"عَرَب - عَرَبيّ
إِسْلام- إسْلاميّ
عِلْم - عِلْمِيّ
أَسَد - أُسَيْد
شِعر - شِعْرِيّ
دَمْ - دَمَويّ
مَلِك - مَلَكيّ
خَيْر - خَيْرِيّ
شَر - شَرِيّ
هَوَى - هَوَائِيّ
يَدّ - يَديّ",NULL,ي
التحوّل في دلالة الزمن ( الطلب - النفي - الاستمرارية - التحذير ),تؤثر زيادة حرف الياء في بعض الأفعال على دلالة الزمن، فتُحدث تحوّلات في المعنى تتعلق بـ الطلب، النفي، الاستمرارية، والتحذير، وذلك بحسب السياق الصرفي والنحوي للجملة. الياء في الأمر والدعاء: تأتي مع فعل الأمر للمؤنث، فعند زيادة الياء في بعض الصيغ، قد تتحول الجملة إلى صيغة الطلب أو الدعاء، مثل: اصطفِ ← اصطَفِي، اهتدِ ← اهتدِي. أما عن النفي فزيادة الياء قد تُستخدم مع النفي في بعض اللهجات أو الأساليب البلاغية، مثل: لم يسعَ ← لم يسعِي (للتوكيد أو التفنن في الأسلوب). وبالنسبة للاستمرارية فزيادة الياء قد تدل على الاستمرار في الفعل، خاصة في الأساليب الأدبية أو اللهجات الدارجة، مثل: يمضي (يستمر في المضي) يسري (يستمر في السير أو الانتشار). وقد تأتي في سياق التنبيه أو التحذير، كما في: إياك أن تثنِيَ العزيمة! لا تغويَنَّ بالباطل!,"اصْطَفِ - اصْطَفِي
اهْتدِ - اهْتَدِي
لَمْ يَسع → لَم يَسعِي
لا تَخْشَ - لا تَخْشَي
يَمْضِي، يَسْرِي
إيَّاك أنْ تثنِيَ العَزيمَة!
لا تَغْويَنَّ بالبَاطِل",NULL,ي
علاقته في التقديم والتأخير ( وأثر ذلك في المعنى وإثارة الانتباه ),"حرف الياء في اللغة العربية يُستخدم غالبًا كضمير متصل يدل على المتكلم، أو كحرف مد، أو أحيانًا لزيادة الجرس الموسيقي في بعض التراكيب. عند التقديم والتأخير، قد يؤدي تقديم أو تأخير الكلمة التي تحتوي على ياء المتكلم إلى تغيير المعنى أو إبراز دلالة معينة. مثال: ""كتابي قرأتُ"" (تركيز على الكتاب) مقابل ""قرأتُ كتابي"" (تركيز على فعل القراءة). كما أن تقديم الكلمة التي تحتوي على الياء قد يلفت الانتباه إليها أكثر، خاصة في الأساليب البلاغية أو الشعرية، مثل: ""إليَّ أنظرْ"" (توكيد وجذب الانتباه) مقابل ""أنظر إليّ"" (تركيب عادي).","كِتَابي قَرَأتُ - قَرَأتُ كِتَابِي
إليَّ أنْظرْ - أنْظرْ إليّ",NULL,ي
دوره في التوكيد ( لإبراز المعنى وتقويته ),"تلعب الياء دورًا مهمًا في تقوية المعنى وإبراز العاطفة وتوكيد المشاعر في العربية، سواء في النداء، أو التصغير، أو الأساليب البلاغية. على سبيل المثال، في النداء: يا ليلُ يا عينُ، حيث يُكرَّر حرف النداء مع الياء لإضفاء الإلحاح والعاطفة. وفي التصغير: يا أخيّ، اصبرْ؛ حيث استخدام التصغير ""أخيّ"" مع الياء يعزز العاطفة والودّ. وفي أسماء مثل ربّي، أمّي، أبي، تضفي الياء مزيدًا من الحميمية والتوكيد على العلاقة.","يا لَيلُ يا عَينُ
يا أخيّ، اصْبرْ
رَبّي، أُمّي، أَبي
وا مُصِيبَتَاه! يا للكَارثة",NULL,ي
دوره في الإنكار ( لإظهار الدهشة والاستغراب ),"حرف الياء يمكن أن يُستخدم في سياق الإنكار، لكنه ليس أداة إنكار مستقلة بذاته، بل يأتي غالبًا في بعض الأساليب التي تفيد الإنكار أو التعجب أو التوبيخ. أسلوب النداء التعجبي أو التوبيخي يُستخدم ""يا"" الندائية مع التعجب أو التوبيخ، مما قد يفيد الإنكار الضمني، مثل: ""يا لَلْعجب!"" (تفيد التعجب والإنكار من شيء غير متوقع). ""يا لك من رجلٍ جريء!"" (تفيد التوبيخ وربما الإنكار). أسلوب التحسر أو التوجع ""يا حسرتاه!"" (تفيد الندم والإنكار لما حدث). ""يا ويلتاه!"" (تفيد الإنكار مع الشعور بالخطر أو الندم). فحرف الياء لا يؤدي وظيفة الإنكار بشكل مباشر، لكنه يدخل في سياقات تدل على الإنكار حسب التركيب والمعنى العام للجملة. فالإنكار الصريح يتم غالبًا باستخدام أدوات مثل: ""لا""، ""ما""، ""ليس""، ""إنّ... إلا""، ""لم"" وهكذا.","يا لَلْعَجَب!
يا لَك مِنْ رَجُلٍ جَرِيء!
يا حَسْرَتاه!
يا وَيْلَتَاه!",NULL,ي
دوره في التلاعب اللفظي والجناس ( السجع - الجناس - التكرار ),"نعم، حرف الياء يلعب دورًا مهمًا في التلاعب اللفظي والجناس، ويؤثر بشكل كبير في السجع والجناس والتكرار بفضل خصائصه الصوتية. حيث إن صوته لين وسهل النطق، مما يجعله مفضلًا في السجع والجناس. وتمتد الياء عند النطق، مما يمنح النص موسيقية خاصة، ويمكن أن تأتي في نهاية الكلمات بسهولة، مما يساعد في تكوين توافق صوتي. فالسجع يعتمد على التوافق الصوتي في نهاية الجمل، وحرف الياء يسهم في ذلك بفضل ليونته وامتداده الصوتي. مثال: ""حلمك زين، وغضبك شين"" ووجود الياء في هذه العبارات يمنحها انسجامًا موسيقيًا جذابًا. وفي الجناس: الجناس يعتمد على التشابه في المبنى والاختلاف في المعنى، وحرف الياء قد يؤدي دورًا بارزًا فيه، مثل: ""يجري النهر، ويجري الزمن"" (جناس ناقص). وفي التكرار، فالتكرار يعزز الإيقاع والتأثير البلاغي، والياء بصوتها اللين والممدود تساعد في خلق وقع موسيقي مميز، مثل: ""يا ليلي يا عيني"" و""عليّ عليّ"".","""حُلْمَكَ زِين، وَغَضَبُكَ شِين""
""يِجْرِي النَهْرُ، ويَجْرِي الزَمَنُ""
""يا لَيْلِي يا عَيْنِي""
""عَليّ عَليّ،""",NULL,ي
دوره في الفصاحة والبيان ( تحسين البناء اللفظي للجملة وزيادة وضوح المعنى وقوّته ),"حرف الياء من الحروف التي تلعب دورًا بارزًا في الفصاحة والبيان في اللغة العربية، حيث يساهم في تحسين البناء اللفظي للجملة وزيادة وضوح المعنى وقوّته. ليونته وإطالة صوته يمنحان الجملة إيقاعًا موسيقيًا أكثر سلاسة، خاصة عند استخدامه في القوافي والنثر المسجوع، مما يحسّن التذوق الفني للنص. ويساعد في زيادة وضوح المعنى بالتوكيد والتخصيص، إذ تُستخدم الياء في ضمائر المخاطبة مثل ""إياي""، و""عليّ""، مما يساعد في تخصيص الفاعل أو المفعول به. ويُحسّن الجرس الموسيقي في الشعر والنثر، حيث تتكرر الياء كثيرًا في القوافي والأوزان الشعرية. مثلًا: ""أنا البحر في أحشائهِ الدر كامنٌ"" (مدّ الياء في ""في"" و""أحشائهِ"" يضفي ليونة وجمالًا). وتستخدم أيضًا للدلالة على الامتداد والاتساع في كلمات مثل ""العلياء""، ""الدنيا"". كما تؤدي وظيفة التوكيد في النداء والمناجاة بحرف النداء ""يا""، الذي يُعدّ أداة بلاغية مؤثرة في الدعاء والاستغاثة، مثل: ""يا ليت الشباب يعود يومًا!"". فحرف الياء ليس مجرد عنصر صوتي في الكلمة، بل هو أداة فاعلة في تحسين جمال الجملة العربية، سواء بإعطائها انسيابية موسيقية، أو بإيضاح المعنى وتقويته، أو بإبراز دلالات الامتداد والعاطفة.","""إِيّايَ تَعني بِهَذا الحَدِيث؟""
كِتَابي
""أنا البَحْرُ فِي أحْشَائهِ الدُرُ كامِنٌ"" (مدّ الياء في ""في"" و""أحشائهِ"" يضفي ليونة وجمالًا)
""العَلياء""، ""الدُنْيَا""
""يا لَيْتَ الشَبَابَ يَعُودُ يَومًا!""",NULL,ي
أثره على الإيحاءات العاطفية والنفسية في السّياق,"حرف الياء يمكن أن يكون له تأثير على الإيحاءات العاطفية والنفسية في السياق اللغوي. في اللغة العربية، قد يرتبط حرف الياء بأثر معين في السمع والإحساس، خصوصًا عندما يكون جزءًا من الكلمة أو الجملة. أحيانًا تُعدّ الكلمات التي تحتوي على الياء أكثر نعومة أو لطافة، مثل ""سُمَيّة"" أو ""دُنيا"". ويرتبط أحيانًا بالمؤنث أو الدلالات الجمالية، مما يضفي إيحاءً بالرقة أو الجمال في السياق. كما يؤدي التكرار إلى تعزيز الإيقاع الهادئ، مما يعزز الإحساس بالراحة أو السكينة، مثل: ""حبيبي"" أو ""يا ليل"".","""حَبِيبِي"" أو ""يَا لَيْل""
""سُمَيّة"" أو ""دُنْيَا""",NULL,ي
التحوّل في معنى الكلمة,حرف الألف له تأثير مهم في معنى الكلمات في اللغة العربية، حيث يمكن أن يغير معاني الكلمات بشكل كبير تبعًا لموقعه أو وجوده في الكلمة. فعلى سبيل المثال، إضافة الألف في صيغة «سيَّارة» (من الجذر سير) جعلها تدل على آلة نقل أو كثرة السير (المسافرين) كما ورد في القرآن الكريم. وكذلك «فاتح» (من الجذر فتح)، و«لاعب» (من الجذر لعب)، حيث يصبح دلاليًا صفة للشخص الذي أطلقت عليه.,"سِيَّارَة = سَير
فَاتِح = فَتَحَ
لاعِب = لَعِبَ",NULL,ا
التحوّل في دلالة الزمن ( الطلب - النفي - الاستمرارية - التحذير ),"تحوّل دلالة الزمن لحرف المد ""ا"" يعتمد على السياق اللغوي والجملة التي يرد فيها، حيث يمكن أن يؤثر في المعنى وفقًا للغرض من الكلام. فمثلًا في الطلب، قد نرى حرف الألف في فعل مضارع مقرونًا بضمير الجماعة يفيد الرجاء أو الدعوة: ""دعونا نذهب"". وفي النفي، يمكن إطالة المد لتأكيد النفي أو نفي الاستمرارية: ""ما كنتُ أظنّه يكون هكذا"". وفي التحذير، يطول المد لإبراز التحذير والتوكيد على الخطر، مثل: ""إيّاكَ والغدر"".","دَعُونَا نَذْهَب
مَا كنتُ أَظُنّه يَكونُ هَكذا
انتبه! احذر!
إِيَّاكَ والغَدر",NULL,ا
علاقته في التقديم والتأخير ( وأثر ذلك في المعنى وإثارة الانتباه ),"حرف المد عند التقديم والتأخير ليس مجرد امتداد صوتي، بل هو أداة بلاغية تؤثر على الإيقاع وجذب الانتباه. يُستعمل في النصوص الأدبية والقرآنية لإبراز معانٍ معينة والتأثير في المتلقّي. مثلًا، تأخير كلمة ""المؤتفكات"" في قوله تعالى: ""وَجَاءَ فِرْعَوْنُ وَمَنْ قَبْلَهُ وَالْمُؤْتَفِكَاتُ بِالْخَاطِئَةِ"" يلفت الانتباه إليها. كما في ""وَالسَّابِقُونَ السَّابِقُونَ""، فإن تكرار الاسم وتقديمه يُكسب المعنى قوة وإيقاعًا مميزًا.","""وَجَاءَ فِرْعَوْنُ وَمَنْ قَبْلَهُ وَالْمُؤْتَفِكَاتُ بِالْخَاطِئَةِ""
""وَالسَّابِقُونَ السَّابِقُونَ""",NULL,ا
دوره في التوكيد ( لإبراز المعنى وتقويته ),"يمكن استخدام حرف الألف (حرف المد) في الكلام لإعطاء مزيد من التوكيد اللفظي والبلاغي؛ فإطالة الألف في بعض الصيغ قد تحمل معنى المبالغة أو شدة التأثير. مثل صيغة ""جبّاااار"" بدل ""جبّار"" لإظهار المبالغة في الصفة، أو ""سلااااامٌ عليكم"" لإبراز التحية. وفي بعض السياقات، يمكن أن تعطي إطالة الألف إحساسًا أقوى بالمودة أو التحذير مثل: ""حباااااك الله"" أو ""لااا باطل بعده"".","جَبّاااار - جَبّار
سَلااااامٌ عَلَيكُم
حَبَااااااكَ اللهُ - حَبَاكَ اللهُ",NULL,ا
دوره في الإنكار ( لإظهار الدهشة والاستغراب ),"حرف المد ""ا"" في سياق الإنكار يمكن أن يُوسّع الصوت ويُبرز مشاعر النفي أو الاستنكار بشدة، لا سيما في العربية الفصحى واللهجات. فهو ليس مجرد صوت ممتد، بل أداة تعبيرية تُضفي وقعًا دراميًا على العبارة. فمثلًا: ""مااا هذا؟!"" لإبداء الدهشة، و""لااا أصدق!"" أو ""لَااا يمكن أن يحدث!"" لإبراز الاستبعاد الشديد. وفي الاستخدام الشعري والخطابي، تكسب الجملة نبرة عالية من الاستنكار: ""هَيْهَاتَ هَيْهَاتَ لِمَا تُوعَدُونَ"".","مَااا هذا؟!
لااا أُصَدق!
لااا يُمْكِن
هَيْهَااتَ هَيْهَااتَ",NULL,ا
دوره في التلاعب اللفظي والجناس ( السجع - الجناس - التكرار ),"له دور مميز في إضفاء إيقاع موسيقي وجمالية صوتية تزيد من تأثير النص وسلاسته. في السجع، يساعد حرف المدّ في تحقيق توافق نهايات الجُمل أو العبارات في الوزن والإيقاع، مثل: ""قال القاضي قضاءً نافذًا، ورضي السائلُ رضًا كاملًا"". وفي الجناس، يُبرز الفارق الدقيق بين الكلمتين ويمنحها جمالية صوتية، كما في ""المال مال، إن لم تُحسن استثماره، صار مَلال"". وفي التكرار، يجعل الصوت أكثر جاذبية وسلاسة، مثل: ""يا ليلي، يا عيني، يا ليلي، يا عيني"".","قَالَ القَاضِي قَضَاءً نَافِذًا، وَرَضِيِّ السَائِلُ رِضًا كَامِلًا.
""المَالُ مَال، إِنْ لَمْ تُحْسِن اسْتِثْمَارَهُ، صَارَ مَلال.""
""يَا لَيْلِي، يَا عَيْنِي، يَا لَيْلِي، يَا عَيْنِي""",NULL,ا
دوره في الفصاحة والبيان( تحسين البناء اللفظي للجملة وزيادة وضوح المعنى وقوّته ),"يُعد من الأدوات الأساسية في تحسين البناء اللفظي للجملة وزيادة وضوح المعنى وقوّته، إذ يُضفي على النص إيقاعًا جماليًا وتوازنًا صوتيًا. يتجلّى ذلك في توضيح الفرق بين الصيغ مثل ""قال"" و""قل""، حيث يمنح المد مزيدًا من القوة والأداء. وفي نداءات مثل ﴿يَا أَيُّهَا النَّاسُ﴾ يضفي المد نداءً قويًا وشاملًا. كذلك بين ""حزن"" و""حزينا""، حيث يضفي المد عمقًا عاطفيًا أكبر.","""قَالَ"" - ""قُلْ""
﴿يَا أَيُّهَا النَّاسُ﴾
""حُزُن"" - ""حَزِينَا""",NULL,ا
أثره على الإيحاءات العاطفية والنفسية في السّياق,"يملك تأثيرًا عاطفيًا ونفسيًا قويًا، خصوصًا في النصوص الشعرية أو الأدبية. يمكن استخدام المد لإبراز المشاعر العميقة كالحب والحزن والشوق، حيث يعكس امتداد الصوت طول المعاناة أو العمق العاطفي. وقد يوحي بالراحة في كلمات مثل ""حب""، أو بالقسوة والألم في ""ألم"" و""حزن"". كما يرتبط بالانفتاح والتواصل في كلمات مثل ""أنا""، ""إِنَّا""، ""لَنَا""، و""فِينَا"".","""حُب"" - حُباا
""أَلَم"" - أَلَمَاا
""حُزْن"" - حُزْنَاا
""أنا""، ""إِنَّا""، ""لَنَا""، ""فِينَا""",*,ا